X1_cs_flow_rate,X2_pb_flow_rate,X3_temperature,X4_residence_time,Y1_plqy,Y2_emission_peak,Y3_fwhm,Y4_quality_class_encoded,Y4_quality_class_categorical
1.27,0.68,182.7,233.4,0.5767,515.79,39.57,1,fair
0.6,0.96,190.0,120.0,0.5104,518.38,39.68,1,fair
0.91,0.79,105.9,132.8,0.6144,518.15,35.33,2,good
0.6,1.6,153.6,153.3,0.476,518.24,40.71,1,fair
1.03,0.82,173.8,82.0,0.92,514.75,22.9,3,excellent
0.87,0.81,141.0,85.9,0.92,514.24,23.47,3,excellent
0.6,1.6,175.5,203.3,0.5618,517.93,38.7,1,fair
1.53,1.78,130.9,111.8,0.7709,517.72,31.5,3,excellent
0.6,0.7,153.6,153.3,0.8362,516.33,27.45,3,excellent
1.12,1.63,164.1,218.9,0.5981,518.13,36.26,1,fair
0.6,0.7,146.4,170.0,0.7983,513.99,25.94,3,excellent
1.09,1.2,193.1,168.4,0.7726,515.59,29.12,3,excellent
0.76,0.83,131.8,203.3,0.92,510.83,28.73,3,excellent
0.6,1.21,182.7,136.7,0.5695,518.32,36.06,1,fair
0.6,1.09,117.3,136.7,0.5515,518.45,39.85,1,fair
0.6,0.96,131.8,153.3,0.5148,518.63,42.63,1,fair
0.6,1.47,124.5,170.0,0.4256,519.01,45.44,1,fair
0.6,0.83,110.0,203.3,0.6539,517.36,35.47,2,good
0.71,1.18,148.9,160.8,0.586,515.7,36.49,1,fair
1.46,1.67,108.7,137.3,0.672,515.83,35.2,2,good
0.6,1.34,160.9,136.7,0.5984,516.83,34.92,1,fair
1.67,1.09,130.5,129.6,0.8595,512.84,30.85,3,excellent
0.95,1.52,170.9,123.8,0.3338,518.75,45.31,0,poor
0.76,0.83,110.0,120.0,0.7069,513.39,34.92,2,good
0.51,1.35,182.8,119.2,0.531,517.99,44.46,1,fair
0.6,0.7,175.5,220.0,0.6544,515.2,29.51,2,good
0.76,0.83,175.5,220.0,0.5372,517.02,33.38,1,fair
0.76,0.7,110.0,136.7,0.811,514.73,29.97,3,excellent
0.6,1.47,160.9,103.3,0.6676,519.43,36.98,2,good
0.6,0.7,124.5,220.0,0.7887,511.83,29.39,3,excellent
0.6,1.34,124.5,203.3,0.5031,517.09,42.44,1,fair
0.6,1.6,182.7,136.7,0.5283,518.12,42.76,1,fair
0.6,1.21,175.5,103.3,0.4734,520.53,43.9,1,fair
0.6,1.6,153.6,186.7,0.3336,521.76,47.72,0,poor
0.76,0.83,110.0,70.0,0.6202,517.96,39.24,2,good
0.6,1.09,175.5,70.0,0.6409,516.84,41.72,2,good
1.0,1.55,184.4,247.1,0.4282,519.21,41.2,1,fair
1.29,1.16,136.8,166.9,0.8878,512.48,24.05,3,excellent
0.76,0.7,190.0,203.3,0.7302,515.73,28.93,2,good
0.6,0.96,117.3,136.7,0.5556,516.39,43.57,1,fair
0.6,0.83,110.0,136.7,0.7915,514.15,31.9,3,excellent
1.05,1.34,128.4,212.7,0.7611,513.49,33.66,3,excellent
0.6,0.96,117.3,86.7,0.5161,517.39,41.57,1,fair
0.6,1.21,182.7,153.3,0.6228,516.82,37.39,2,good
1.68,1.77,144.6,172.7,0.8643,515.62,25.57,3,excellent
0.6,1.47,182.7,136.7,0.5115,519.12,41.8,1,fair
0.6,1.21,124.5,186.7,0.5499,519.27,37.8,1,fair
0.6,1.6,139.1,220.0,0.5359,515.63,43.33,1,fair
0.6,0.7,160.9,70.0,0.7647,516.49,29.23,3,excellent
1.98,1.62,134.8,147.9,0.92,510.67,24.37,3,excellent
1.84,0.9,184.0,120.3,0.5234,516.99,44.13,1,fair
0.6,0.96,110.0,186.7,0.4595,519.32,42.86,1,fair
0.63,1.16,108.3,111.9,0.329,520.84,50.1,0,poor
0.6,0.83,175.5,103.3,0.5872,517.6,36.94,1,fair
0.6,1.6,153.6,220.0,0.5335,517.25,36.57,1,fair
1.65,1.54,120.1,113.4,0.5899,518.98,36.16,1,fair
2.08,1.14,112.9,92.3,0.5017,516.64,42.93,1,fair
1.06,0.91,124.8,99.5,0.8605,513.22,26.09,3,excellent
0.76,0.83,182.7,103.3,0.5817,518.51,34.42,1,fair
0.6,1.09,110.0,86.7,0.4729,518.58,49.02,1,fair
1.49,1.13,158.0,66.3,0.92,515.07,19.83,3,excellent
0.6,1.34,160.9,203.3,0.5135,517.34,42.24,1,fair
1.91,1.1,172.3,118.7,0.7401,511.29,31.39,2,good
0.76,0.83,110.0,220.0,0.6867,514.92,34.47,2,good
1.42,1.16,174.9,200.2,0.8151,514.26,23.87,3,excellent
0.5,1.12,117.6,214.1,0.4229,519.72,46.49,1,fair
0.76,0.7,124.5,186.7,0.7847,515.33,29.62,3,excellent
0.81,0.75,188.7,158.1,0.6542,516.34,33.47,2,good
0.6,0.7,190.0,86.7,0.689,514.18,33.07,2,good
2.17,0.64,141.1,100.0,0.6742,513.2,52.54,2,good
1.84,1.2,155.2,65.6,0.875,514.05,25.66,3,excellent
0.6,1.09,124.5,120.0,0.5381,516.22,41.06,1,fair
0.92,1.41,164.5,179.9,0.6426,515.36,40.64,2,good
0.76,0.7,175.5,136.7,0.8192,515.56,24.42,3,excellent
0.6,1.47,131.8,153.3,0.5479,518.21,42.64,1,fair
0.6,0.96,168.2,136.7,0.5435,517.62,37.63,1,fair
0.92,1.14,153.1,190.9,0.7621,519.09,31.95,3,excellent
0.6,1.47,153.6,186.7,0.4849,519.74,43.23,1,fair
0.6,1.09,110.0,203.3,0.6187,516.63,40.97,2,good
1.11,1.27,169.1,203.1,0.6874,516.13,32.91,2,good
0.6,0.7,153.6,220.0,0.5621,517.46,32.3,1,fair
0.6,1.6,117.3,186.7,0.633,518.69,42.28,2,good
1.92,1.38,144.4,246.3,0.8101,515.49,24.36,3,excellent
0.98,1.09,112.6,95.4,0.6851,514.3,33.47,2,good
1.62,1.08,124.5,114.9,0.7196,515.06,28.36,2,good
1.6,1.15,182.0,165.7,0.6849,517.04,29.02,2,good
0.6,0.76,190.6,172.5,0.6289,516.69,37.96,2,good
0.6,1.09,190.0,203.3,0.4292,521.67,47.74,1,fair
0.6,0.96,139.1,86.7,0.5976,518.28,34.34,1,fair
1.8,1.22,167.0,119.3,0.92,516.5,23.9,3,excellent
1.18,1.76,119.6,69.2,0.5774,517.1,38.12,1,fair
1.19,0.88,165.2,176.8,0.92,513.53,23.81,3,excellent
0.6,0.83,175.5,70.0,0.6878,517.77,37.1,2,good
0.6,0.96,146.4,186.7,0.4357,517.77,40.25,1,fair
1.89,1.67,189.0,236.3,0.8837,514.66,28.6,3,excellent
1.2,1.52,120.6,153.3,0.6076,515.78,36.97,2,good
0.6,1.34,146.4,86.7,0.5664,519.94,40.4,1,fair
1.77,0.99,109.8,227.5,0.7715,513.6,39.32,3,excellent
2.01,1.03,159.4,91.2,0.5761,511.7,37.61,1,fair
1.21,1.02,118.7,175.8,0.7678,511.93,29.75,3,excellent
0.6,1.6,160.9,170.0,0.3659,519.95,41.89,0,poor
0.76,0.7,131.8,120.0,0.92,511.77,28.15,3,excellent
0.6,1.09,153.6,220.0,0.5056,516.06,40.91,1,fair
1.7,0.89,145.2,139.9,0.7421,514.52,34.34,2,good
0.6,0.83,190.0,220.0,0.4684,517.94,41.64,1,fair
0.6,1.6,131.8,220.0,0.5219,518.7,41.05,1,fair
0.6,1.34,124.5,70.0,0.4716,518.65,39.58,1,fair
0.6,0.96,117.3,170.0,0.5483,518.51,38.4,1,fair
0.6,1.34,117.3,86.7,0.608,517.22,42.09,2,good
0.6,1.21,153.6,136.7,0.5704,519.57,39.1,1,fair
0.6,1.47,146.4,86.7,0.4352,519.95,46.04,1,fair
1.03,1.13,171.2,203.7,0.8187,516.92,25.95,3,excellent
0.76,0.7,168.2,86.7,0.92,511.98,22.68,3,excellent
2.18,0.71,183.6,122.6,0.5134,515.35,54.61,1,fair
0.6,1.47,131.8,220.0,0.3682,519.58,46.31,0,poor
0.6,1.09,124.5,103.3,0.4675,521.01,44.75,1,fair
0.76,0.83,124.5,120.0,0.918,512.32,24.16,3,excellent
0.76,0.7,117.3,120.0,0.7872,514.88,28.37,3,excellent
0.6,0.96,190.0,103.3,0.5512,519.94,41.89,1,fair
1.7,1.55,118.7,217.3,0.7588,516.75,33.24,3,excellent
0.74,1.56,129.1,239.9,0.5282,518.23,40.94,1,fair
0.76,0.7,160.9,170.0,0.875,509.8,19.93,3,excellent
0.76,0.83,124.5,186.7,0.7544,513.84,32.54,3,excellent
0.6,1.21,117.3,136.7,0.5928,515.31,40.17,1,fair
0.6,1.09,131.8,120.0,0.4954,520.59,40.45,1,fair
1.29,1.59,121.3,218.8,0.7801,513.09,32.7,3,excellent
0.6,1.09,182.7,136.7,0.5863,520.32,37.54,1,fair
0.6,1.6,139.1,170.0,0.5782,519.74,38.93,1,fair
0.76,0.83,190.0,120.0,0.6856,518.02,34.79,2,good
0.6,1.09,110.0,170.0,0.5658,516.26,42.2,1,fair
2.1,0.68,111.8,190.7,0.6175,511.76,47.65,2,good
1.1,1.29,103.7,170.4,0.5268,517.16,39.39,1,fair
0.6,1.47,124.5,136.7,0.4277,518.88,47.12,1,fair
0.6,1.21,139.1,220.0,0.5077,520.51,44.18,1,fair
0.6,1.47,168.2,103.3,0.5936,517.98,38.89,1,fair
0.56,1.43,197.0,249.9,0.4938,519.76,41.17,1,fair
2.01,1.65,187.4,199.9,0.6942,517.57,26.41,2,good
1.85,1.39,166.4,203.2,0.92,512.27,22.31,3,excellent
1.1,1.7,104.6,149.0,0.6234,514.75,40.42,2,good
1.05,0.85,119.3,93.5,0.8072,513.54,29.91,3,excellent
0.59,0.86,179.7,151.7,0.5267,516.81,39.82,1,fair
0.6,0.96,153.6,170.0,0.5057,517.04,35.88,1,fair
2.0,1.37,129.2,174.9,0.599,511.96,35.24,1,fair
0.6,1.6,124.5,103.3,0.4847,517.86,46.91,1,fair
1.25,1.79,172.8,108.5,0.5375,518.49,38.23,1,fair
0.6,1.21,146.4,70.0,0.7222,515.22,33.1,2,good
0.6,1.34,146.4,136.7,0.4106,518.21,41.8,1,fair
1.61,0.87,189.0,233.1,0.6112,516.54,36.02,2,good
0.6,0.83,190.0,120.0,0.5714,518.85,35.9,1,fair
0.6,0.83,110.0,70.0,0.8498,515.61,34.52,3,excellent
0.56,0.9,117.3,242.3,0.5434,517.16,40.67,1,fair
0.6,1.6,182.7,220.0,0.335,519.23,47.39,0,poor
0.6,1.34,117.3,186.7,0.5173,514.87,42.14,1,fair
0.76,0.83,175.5,203.3,0.6849,517.34,34.93,2,good
0.6,0.96,153.6,186.7,0.4677,518.96,37.53,1,fair
0.6,0.83,117.3,153.3,0.7176,515.4,38.01,2,good
0.6,1.21,160.9,136.7,0.4921,518.7,37.98,1,fair
2.06,0.7,158.5,224.6,0.5968,514.09,47.18,1,fair
0.6,1.21,182.7,120.0,0.6442,520.28,39.67,2,good
0.58,1.6,118.2,231.1,0.4343,516.53,45.99,1,fair
0.6,1.34,160.9,70.0,0.4622,518.64,41.19,1,fair
0.6,1.47,190.0,136.7,0.4584,521.35,45.19,1,fair
0.6,0.7,182.7,220.0,0.6124,520.65,34.82,2,good
0.76,0.83,168.2,136.7,0.9193,513.98,23.3,3,excellent
0.62,0.77,136.9,121.7,0.745,515.25,31.42,2,good
1.99,1.18,198.3,61.9,0.6594,516.13,37.23,2,good
1.68,0.65,111.5,224.5,0.5045,512.64,48.47,1,fair
2.05,1.41,171.4,81.0,0.7756,513.65,28.04,3,excellent
0.6,0.83,175.5,86.7,0.7768,517.49,29.26,3,excellent
0.83,1.56,145.7,146.3,0.6056,518.18,37.91,2,good
0.76,0.83,139.1,70.0,0.92,515.31,21.87,3,excellent
0.6,1.34,160.9,220.0,0.4618,519.75,40.83,1,fair
1.7,1.44,138.8,140.6,0.92,512.23,22.75,3,excellent
0.74,1.22,168.3,92.3,0.4588,516.89,39.11,1,fair
0.6,1.09,146.4,86.7,0.44,517.54,44.4,1,fair
0.58,1.71,138.5,204.5,0.4518,519.32,47.38,1,fair
0.6,1.47,153.6,103.3,0.3671,518.77,47.63,0,poor
0.64,1.46,101.6,138.7,0.4969,516.58,45.83,1,fair
0.6,1.6,131.8,136.7,0.6854,519.48,39.45,2,good
1.48,1.29,169.5,76.8,0.92,516.85,22.84,3,excellent
0.9,1.6,196.6,183.1,0.5393,519.97,41.27,1,fair
0.6,1.47,153.6,153.3,0.5483,519.14,37.81,1,fair
1.15,0.69,133.6,166.6,0.7152,515.57,33.1,2,good
0.76,0.83,190.0,203.3,0.5925,519.49,33.98,1,fair
0.6,1.47,168.2,186.7,0.6376,516.49,33.48,2,good
0.6,1.34,190.0,103.3,0.5766,516.52,39.81,1,fair
1.25,1.04,193.8,211.3,0.6202,515.11,35.45,2,good
1.45,0.67,126.4,84.3,0.4902,516.22,47.68,1,fair
0.76,0.83,190.0,70.0,0.7063,517.08,33.12,2,good
1.81,1.78,154.0,71.6,0.8211,510.92,23.15,3,excellent
0.6,1.34,110.0,103.3,0.4779,519.68,45.24,1,fair
0.6,0.96,131.8,70.0,0.5471,516.42,37.13,1,fair
1.89,0.79,154.8,166.6,0.5455,515.08,39.74,1,fair
0.6,0.83,190.0,86.7,0.6493,516.91,33.17,2,good
0.6,0.7,139.1,220.0,0.6068,515.58,36.67,2,good
0.6,1.09,182.7,103.3,0.7264,516.16,39.65,2,good
0.76,0.83,124.5,153.3,0.6985,516.57,37.17,2,good
0.6,1.6,117.3,153.3,0.5163,514.52,42.98,1,fair
0.6,1.34,175.5,120.0,0.5673,518.79,41.9,1,fair
0.54,1.7,141.6,90.1,0.5587,516.25,39.34,1,fair
1.57,0.92,116.0,192.8,0.7683,513.62,31.68,3,excellent
0.6,1.21,139.1,170.0,0.5466,517.4,36.06,1,fair
0.6,0.83,146.4,120.0,0.7807,517.34,31.95,3,excellent
0.6,1.47,110.0,70.0,0.4413,517.83,46.61,1,fair
0.6,1.09,146.4,136.7,0.555,517.14,39.06,1,fair
0.6,0.83,190.0,186.7,0.5584,515.39,37.46,1,fair
1.77,1.18,173.7,89.4,0.7382,514.17,26.38,2,good
2.0,0.65,176.0,68.2,0.5777,512.89,51.79,1,fair
0.76,0.7,182.7,120.0,0.7676,515.19,29.72,3,excellent
0.6,0.7,124.5,120.0,0.7311,516.98,33.28,2,good
1.75,1.19,176.0,79.6,0.8059,511.81,28.59,3,excellent
0.6,0.7,153.6,120.0,0.8874,514.9,23.06,3,excellent
0.6,0.96,139.1,220.0,0.5519,520.99,39.54,1,fair
0.6,0.83,153.6,203.3,0.5163,516.64,39.04,1,fair
0.6,1.34,182.7,86.7,0.4975,517.76,41.69,1,fair
1.56,0.74,121.2,206.9,0.566,514.18,43.16,1,fair
0.76,0.83,146.4,186.7,0.8461,513.71,29.09,3,excellent
0.6,0.96,190.0,136.7,0.5207,520.18,44.03,1,fair
0.6,1.09,146.4,170.0,0.5791,517.02,37.57,1,fair
1.26,1.78,114.9,131.7,0.6295,517.65,37.11,2,good
0.6,1.6,175.5,70.0,0.523,516.91,40.84,1,fair
0.6,0.83,160.9,170.0,0.8221,514.56,29.94,3,excellent
0.6,1.21,175.5,220.0,0.3748,519.62,42.02,0,poor
0.76,0.83,146.4,136.7,0.92,512.76,20.31,3,excellent
1.68,0.87,180.1,184.7,0.5613,515.76,37.84,1,fair
1.92,1.2,141.3,72.8,0.8202,513.7,24.83,3,excellent
0.6,1.09,160.9,120.0,0.4982,521.02,38.9,1,fair
0.6,0.7,182.7,70.0,0.7941,516.09,30.43,3,excellent
0.9,0.65,186.4,196.5,0.7526,515.88,30.3,3,excellent
0.6,1.09,131.8,136.7,0.5529,517.62,40.39,1,fair
0.84,1.57,129.5,182.1,0.5489,515.59,40.53,1,fair
0.6,0.83,182.7,70.0,0.6517,517.07,36.21,2,good
0.56,1.39,135.1,80.7,0.5902,516.84,39.86,1,fair
1.17,1.17,139.1,68.5,0.7892,517.09,26.37,3,excellent
2.06,0.74,144.7,230.0,0.4613,513.13,50.25,1,fair
0.6,0.96,182.7,136.7,0.3458,521.97,45.24,0,poor
0.76,0.7,153.6,186.7,0.8871,511.64,26.61,3,excellent
0.6,1.6,139.1,203.3,0.5368,519.31,40.97,1,fair
1.73,1.49,196.3,217.3,0.6651,516.17,34.99,2,good
0.6,1.21,160.9,103.3,0.5682,520.53,37.93,1,fair
0.6,1.47,124.5,120.0,0.5269,519.93,42.32,1,fair
2.02,0.9,191.3,121.4,0.4936,517.42,45.42,1,fair
0.6,1.21,146.4,203.3,0.5177,519.22,39.45,1,fair
0.6,1.6,153.6,170.0,0.4967,518.32,42.24,1,fair
1.79,0.95,131.7,67.0,0.4691,518.86,43.3,1,fair
0.6,0.7,190.0,153.3,0.5987,515.18,32.43,1,fair
0.6,1.47,182.7,220.0,0.4938,521.08,40.35,1,fair
1.79,1.46,172.9,105.1,0.92,513.46,24.88,3,excellent
0.6,1.47,168.2,203.3,0.4318,518.57,44.32,1,fair
1.56,0.73,146.0,143.3,0.612,513.85,44.52,2,good
0.76,0.7,139.1,136.7,0.92,512.06,22.52,3,excellent
0.6,0.96,153.6,153.3,0.6662,513.97,33.91,2,good
0.76,0.83,124.5,70.0,0.6437,516.79,34.62,2,good
0.6,1.09,190.0,220.0,0.4944,519.67,40.25,1,fair
2.03,0.79,168.7,134.3,0.5353,517.5,46.37,1,fair
0.76,0.7,190.0,153.3,0.6099,516.55,36.69,2,good
0.6,1.21,175.5,70.0,0.546,518.24,44.12,1,fair
0.6,1.34,117.3,203.3,0.5291,517.57,43.57,1,fair
2.08,0.73,187.4,147.0,0.5328,511.8,51.01,1,fair
2.17,0.87,151.8,172.6,0.5937,515.01,45.78,1,fair
0.6,0.7,160.9,203.3,0.8805,514.49,24.05,3,excellent
1.15,1.45,141.4,201.6,0.7331,516.92,30.14,2,good
0.6,0.7,131.8,103.3,0.724,517.04,29.18,2,good
0.79,1.77,185.0,244.9,0.4151,519.63,43.6,1,fair
0.76,0.7,160.9,120.0,0.92,516.81,25.77,3,excellent
0.79,1.73,135.4,221.5,0.4503,518.49,41.07,1,fair
0.6,0.96,190.0,86.7,0.5398,517.05,37.34,1,fair
0.6,0.83,139.1,120.0,0.6134,517.28,36.08,2,good
0.6,0.83,168.2,120.0,0.6741,518.67,34.32,2,good
0.76,0.7,175.5,120.0,0.7912,515.22,26.96,3,excellent
0.64,0.92,103.7,103.1,0.4548,515.0,45.5,1,fair
1.15,1.54,148.7,240.0,0.6864,517.12,34.4,2,good
0.6,1.21,117.3,153.3,0.5712,514.96,39.2,1,fair
0.65,1.52,152.1,101.7,0.6769,515.3,33.76,2,good
1.15,0.66,127.5,189.8,0.5948,516.3,33.56,1,fair
1.13,1.44,165.8,203.4,0.8036,514.32,30.17,3,excellent
0.6,1.34,117.3,70.0,0.438,516.85,46.38,1,fair
0.6,1.09,160.9,103.3,0.627,513.6,34.16,2,good
2.05,0.84,142.2,133.2,0.5104,512.7,43.25,1,fair
0.6,0.83,175.5,203.3,0.7892,515.13,31.29,3,excellent
1.67,1.04,105.2,199.5,0.4959,516.1,45.14,1,fair
1.05,0.61,125.5,146.2,0.7237,515.74,38.36,2,good
0.6,1.34,131.8,70.0,0.597,517.98,41.03,1,fair
0.64,1.39,122.9,234.2,0.4745,519.68,45.67,1,fair
1.18,1.11,187.3,206.6,0.782,518.05,28.73,3,excellent
0.6,0.7,146.4,220.0,0.7083,517.34,29.1,2,good
0.6,0.96,146.4,203.3,0.5679,516.11,37.59,1,fair
1.33,1.3,190.8,210.6,0.6363,514.63,35.73,2,good
0.6,0.7,160.9,120.0,0.9088,518.31,23.53,3,excellent
0.6,0.83,139.1,103.3,0.6705,514.95,34.58,2,good
2.15,1.2,129.9,222.9,0.7174,515.85,35.75,2,good
0.57,1.31,192.1,190.2,0.6034,519.82,40.38,2,good
1.21,1.42,107.2,211.4,0.594,515.52,38.3,1,fair
1.18,1.59,165.0,104.3,0.6294,516.92,33.2,2,good
0.6,1.21,190.0,86.7,0.5949,517.99,40.61,1,fair
0.6,0.96,160.9,170.0,0.5304,516.66,38.16,1,fair
0.6,0.7,139.1,153.3,0.7559,515.97,32.16,3,excellent
1.39,1.6,127.8,155.0,0.8551,514.37,22.5,3,excellent
1.53,1.39,175.6,145.6,0.7708,515.88,27.6,3,excellent
0.6,1.09,153.6,186.7,0.6658,518.58,34.53,2,good
0.6,1.21,182.7,86.7,0.487,517.7,42.09,1,fair
0.6,0.7,160.9,170.0,0.6772,516.22,27.76,2,good
0.66,1.27,152.9,146.4,0.4756,519.5,38.84,1,fair
0.88,1.74,177.6,97.0,0.4433,518.57,43.97,1,fair
0.6,1.47,153.6,70.0,0.5346,519.9,40.55,1,fair
0.77,0.64,131.2,73.5,0.8489,512.8,22.36,3,excellent
0.76,0.83,175.5,120.0,0.92,513.49,23.86,3,excellent
2.13,0.96,167.1,229.4,0.5426,516.17,43.38,1,fair
0.6,1.6,175.5,186.7,0.4346,519.36,44.24,1,fair
0.6,0.7,131.8,70.0,0.5913,514.75,39.5,1,fair
0.76,0.83,117.3,86.7,0.5444,514.65,37.75,1,fair
2.0,1.64,149.0,87.5,0.92,511.5,20.97,3,excellent
0.88,1.34,195.0,71.2,0.5983,517.43,40.61,1,fair
0.76,0.7,117.3,136.7,0.7868,515.03,30.03,3,excellent
0.76,0.83,110.0,136.7,0.6299,514.39,40.18,2,good
0.6,1.21,131.8,136.7,0.4884,519.12,42.55,1,fair
1.11,0.64,190.2,95.3,0.7576,513.57,33.98,3,excellent
1.23,0.87,196.1,119.4,0.6722,516.19,35.02,2,good
1.68,1.16,138.0,73.3,0.8705,514.02,26.37,3,excellent
1.44,0.66,165.0,235.0,0.5152,513.94,45.52,1,fair
0.6,0.7,139.1,136.7,0.6608,515.74,30.32,2,good
0.9,1.57,143.0,163.1,0.5616,517.31,36.18,1,fair
0.6,0.83,139.1,203.3,0.6744,515.11,33.62,2,good
0.6,0.96,153.6,120.0,0.3362,519.28,47.17,0,poor
0.76,0.7,131.8,70.0,0.92,515.34,19.88,3,excellent
0.6,1.21,160.9,153.3,0.4917,517.81,37.38,1,fair
0.86,0.8,119.3,202.5,0.8249,515.45,24.81,3,excellent
0.6,1.34,110.0,186.7,0.4997,518.96,45.99,1,fair
1.66,0.6,117.5,128.3,0.5915,512.41,47.37,1,fair
0.6,1.47,131.8,186.7,0.5099,520.66,41.85,1,fair
0.6,1.09,160.9,203.3,0.4577,517.49,38.79,1,fair
0.6,1.21,182.7,103.3,0.5349,517.41,40.6,1,fair
2.12,1.67,113.7,94.9,0.6826,512.39,30.58,2,good
0.6,1.21,139.1,186.7,0.4869,517.37,43.31,1,fair
0.6,0.96,182.7,103.3,0.4134,518.76,43.47,1,fair
1.14,1.46,175.1,210.6,0.6331,516.4,34.03,2,good
0.6,1.09,110.0,186.7,0.5108,515.69,43.87,1,fair
0.6,0.83,153.6,153.3,0.7292,515.55,31.16,2,good
0.76,0.83,131.8,170.0,0.92,513.29,26.08,3,excellent
2.06,1.33,166.4,213.9,0.7219,515.37,30.75,2,good
1.24,1.44,198.1,163.8,0.6952,516.61,32.23,2,good
0.6,0.96,153.6,70.0,0.6376,516.87,38.07,2,good
0.73,1.01,172.3,172.1,0.6644,516.13,30.58,2,good
0.6,1.47,190.0,103.3,0.4977,518.98,45.21,1,fair
0.6,1.21,153.6,120.0,0.574,518.17,35.77,1,fair
1.91,1.33,162.2,77.6,0.92,515.9,24.36,3,excellent
0.6,0.96,190.0,70.0,0.4532,518.3,43.04,1,fair
1.66,1.77,118.4,90.7,0.6277,514.07,34.89,2,good
2.15,0.73,184.2,126.5,0.5666,513.36,52.94,1,fair
0.76,0.7,117.3,203.3,0.6845,513.71,32.33,2,good
0.6,0.83,146.4,153.3,0.7172,516.41,34.85,2,good
0.6,1.21,110.0,103.3,0.548,519.66,45.83,1,fair
0.82,0.93,163.5,158.2,0.8461,515.01,27.63,3,excellent
1.85,1.22,193.5,223.7,0.5859,517.22,36.21,1,fair
0.6,0.83,110.0,120.0,0.6319,513.1,38.56,2,good
0.6,1.21,190.0,220.0,0.4081,519.58,44.35,1,fair
1.48,1.42,132.0,101.3,0.92,515.39,27.81,3,excellent
1.09,0.91,184.6,231.8,0.7924,515.26,28.71,3,excellent
1.27,1.78,138.9,195.6,0.6246,518.71,33.69,2,good
0.76,0.83,182.7,153.3,0.7124,516.02,33.57,2,good
0.6,1.21,110.0,153.3,0.5297,517.21,44.57,1,fair
0.6,0.96,175.5,86.7,0.4448,514.58,39.92,1,fair
0.6,1.47,153.6,203.3,0.5444,516.7,36.02,1,fair
0.6,0.83,160.9,136.7,0.745,517.36,28.68,2,good
0.6,1.34,131.8,186.7,0.7503,514.58,36.9,3,excellent
0.6,1.09,190.0,86.7,0.6321,518.03,33.71,2,good
1.23,0.94,135.3,143.0,0.9158,511.57,27.73,3,excellent
0.6,0.96,168.2,103.3,0.6639,515.42,30.67,2,good
0.76,0.83,190.0,170.0,0.5987,517.05,34.55,1,fair
0.6,0.96,124.5,170.0,0.673,516.96,35.74,2,good
1.79,1.67,130.0,175.3,0.7918,511.68,27.77,3,excellent
0.6,1.02,146.4,190.7,0.5012,518.86,42.29,1,fair
0.6,0.7,153.6,186.7,0.838,517.38,25.82,3,excellent
0.52,1.1,187.5,69.3,0.6658,519.66,35.39,2,good
1.52,1.56,114.0,75.2,0.8348,512.67,30.29,3,excellent
1.87,1.39,145.1,81.1,0.92,512.5,24.52,3,excellent
0.6,1.21,110.0,70.0,0.276,517.79,54.91,0,poor
1.93,0.88,152.2,231.2,0.5288,514.92,41.77,1,fair
0.57,0.6,112.5,97.3,0.5938,517.54,35.13,1,fair
0.84,1.36,149.1,217.7,0.4275,517.64,43.6,1,fair
2.02,0.67,110.9,102.6,0.6596,511.07,48.99,2,good
0.6,1.6,139.1,186.7,0.3801,519.26,46.66,0,poor
0.6,1.09,153.6,103.3,0.5065,519.49,37.47,1,fair
0.75,1.7,137.2,230.5,0.435,516.92,43.95,1,fair
2.18,1.5,185.3,93.0,0.71,517.32,29.58,2,good
0.6,1.47,139.1,136.7,0.4172,516.31,46.62,1,fair
0.6,1.21,131.8,220.0,0.5244,517.69,40.94,1,fair
1.22,1.27,176.9,221.0,0.5541,518.69,33.76,1,fair
0.6,1.34,117.3,120.0,0.6043,515.96,44.07,2,good
0.96,1.76,151.3,205.3,0.4191,517.67,41.08,1,fair
1.78,0.95,198.9,179.9,0.4037,519.28,50.13,1,fair
1.39,1.19,140.4,78.6,0.92,513.28,20.69,3,excellent
0.6,1.09,175.5,120.0,0.422,519.03,43.02,1,fair
0.6,1.47,117.3,70.0,0.4811,518.38,47.3,1,fair
0.6,1.21,146.4,136.7,0.574,518.89,37.8,1,fair
0.76,0.7,110.0,153.3,0.7897,513.93,28.52,3,excellent
1.43,1.49,157.8,159.7,0.92,513.79,24.07,3,excellent
1.6,1.5,113.3,143.9,0.753,516.04,33.84,3,excellent
0.6,0.96,124.5,86.7,0.5343,517.36,36.7,1,fair
0.6,1.21,146.4,153.3,0.4923,516.46,42.06,1,fair
0.76,0.7,110.0,203.3,0.8,513.7,28.61,3,excellent
0.6,0.96,110.0,70.0,0.4703,519.36,44.61,1,fair
0.6,1.47,175.5,220.0,0.442,521.42,43.58,1,fair
0.6,1.34,175.5,103.3,0.5695,518.82,39.13,1,fair
0.6,1.09,153.6,70.0,0.478,518.47,39.84,1,fair
0.76,0.83,110.0,153.3,0.703,514.66,36.62,2,good
1.78,1.14,160.1,192.9,0.7646,516.43,32.52,3,excellent
0.6,1.09,110.0,153.3,0.4785,517.96,45.39,1,fair
0.76,0.7,153.6,103.3,0.9184,514.66,23.6,3,excellent
1.3,0.91,119.5,221.3,0.7277,514.72,33.72,2,good
0.6,1.21,182.7,203.3,0.5081,519.4,41.5,1,fair
0.6,1.47,117.3,170.0,0.5629,516.12,40.24,1,fair
2.08,0.63,187.6,187.5,0.5291,514.59,55.18,1,fair
0.6,1.6,182.7,86.7,0.4587,519.62,46.71,1,fair
0.6,0.7,160.9,86.7,0.8448,515.61,22.93,3,excellent
1.15,1.24,174.8,119.4,0.7056,514.9,29.56,2,good
0.6,0.96,117.3,220.0,0.4408,519.14,44.33,1,fair
0.6,0.7,146.4,86.7,0.7828,514.22,30.01,3,excellent
0.6,0.83,160.9,203.3,0.6742,517.33,29.84,2,good
1.42,1.68,148.1,198.0,0.6773,517.73,34.07,2,good
0.6,1.34,146.4,70.0,0.4342,517.34,46.73,1,fair
0.6,0.96,175.5,103.3,0.6669,518.11,35.5,2,good
1.9,1.57,131.2,104.2,0.849,516.63,26.63,3,excellent
0.6,1.21,190.0,120.0,0.4298,519.93,43.85,1,fair
1.73,1.1,153.2,249.2,0.7995,513.75,25.95,3,excellent
1.56,1.45,122.6,239.8,0.647,515.49,32.34,2,good
1.4,1.32,112.2,228.1,0.829,516.76,26.9,3,excellent
0.76,0.83,131.8,86.7,0.8309,514.58,30.46,3,excellent
0.76,0.7,139.1,170.0,0.92,512.84,21.67,3,excellent
1.21,0.79,124.5,201.1,0.7144,515.51,33.01,2,good
0.6,1.09,153.6,170.0,0.5473,517.36,37.69,1,fair
1.83,1.71,121.9,92.5,0.8389,513.18,28.53,3,excellent
0.96,1.68,109.7,133.0,0.5199,517.36,42.2,1,fair
0.6,1.21,190.0,70.0,0.5476,519.75,42.82,1,fair
1.59,1.6,178.7,218.1,0.6685,515.36,34.8,2,good
1.71,0.82,146.3,176.6,0.6661,515.32,38.15,2,good
0.76,0.83,146.4,103.3,0.92,512.96,22.59,3,excellent
0.76,0.7,124.5,153.3,0.8432,514.85,24.22,3,excellent
0.6,1.09,131.8,203.3,0.698,516.24,34.5,2,good
0.98,1.52,160.3,222.6,0.6037,518.29,32.36,2,good
0.6,1.09,160.9,170.0,0.5212,516.54,37.17,1,fair
0.6,0.83,160.9,103.3,0.7972,516.48,26.12,3,excellent
1.12,0.99,102.1,113.2,0.6553,517.05,34.97,2,good
0.6,1.34,117.3,136.7,0.4875,517.72,44.9,1,fair
1.75,1.16,114.0,239.5,0.8021,512.93,28.44,3,excellent
0.6,1.21,175.5,170.0,0.5836,516.7,34.99,1,fair
0.76,0.7,124.5,170.0,0.8874,515.09,27.34,3,excellent
1.17,1.16,143.4,191.5,0.92,515.35,23.74,3,excellent
0.6,1.34,182.7,170.0,0.4871,518.44,42.17,1,fair
1.95,0.73,132.8,240.4,0.5139,513.84,52.86,1,fair
0.6,0.83,124.5,86.7,0.691,520.61,34.16,2,good
0.54,1.1,161.4,132.7,0.5658,517.53,38.92,1,fair
0.6,0.7,110.0,103.3,0.5943,516.08,36.81,1,fair
2.05,1.05,108.3,63.3,0.6711,511.24,40.59,2,good
1.33,1.71,130.3,193.5,0.7304,514.81,33.26,2,good
2.14,1.08,113.8,184.0,0.447,513.43,44.99,1,fair
0.6,0.96,175.5,220.0,0.5259,519.68,35.89,1,fair
1.1,1.19,165.0,103.0,0.92,515.75,25.12,3,excellent
1.03,1.42,120.2,72.0,0.5767,515.73,34.16,1,fair
0.6,1.21,110.0,120.0,0.5115,517.76,44.0,1,fair
0.6,0.96,124.5,153.3,0.6098,516.76,40.88,2,good
0.6,1.09,117.3,170.0,0.5616,518.15,38.76,1,fair
0.6,1.47,124.5,86.7,0.4082,517.6,47.47,1,fair
0.76,0.7,146.4,120.0,0.92,512.86,22.39,3,excellent
0.6,1.09,160.9,220.0,0.4298,519.15,41.38,1,fair
0.6,0.96,131.8,86.7,0.4252,519.74,43.24,1,fair
0.6,0.83,153.6,136.7,0.8137,515.53,31.12,3,excellent
0.6,1.6,175.5,220.0,0.4021,520.56,49.98,1,fair
0.6,0.96,110.0,136.7,0.5466,519.41,43.65,1,fair
0.6,1.6,175.5,86.7,0.3939,521.03,40.28,0,poor
0.6,1.09,168.2,153.3,0.4973,517.37,41.96,1,fair
0.6,1.21,190.0,170.0,0.509,519.87,43.63,1,fair
0.6,1.47,175.5,186.7,0.5064,519.76,42.31,1,fair
1.03,0.82,146.3,77.2,0.92,514.01,23.17,3,excellent
1.18,0.66,149.7,192.5,0.7278,513.99,35.17,2,good
0.6,1.21,110.0,170.0,0.5128,518.19,41.71,1,fair
0.6,1.34,168.2,70.0,0.6905,516.93,35.21,2,good
0.6,1.09,146.4,153.3,0.5718,518.69,38.32,1,fair
0.6,0.96,131.8,120.0,0.5787,517.85,37.78,1,fair
0.67,0.88,147.0,121.1,0.8652,516.68,30.52,3,excellent
1.8,0.76,119.2,68.2,0.4507,511.1,52.88,1,fair
2.19,1.18,142.5,61.7,0.5925,513.61,36.5,1,fair
0.6,0.96,117.3,70.0,0.5092,518.53,41.22,1,fair
0.6,1.09,146.4,120.0,0.5091,519.13,39.86,1,fair
1.08,1.21,119.2,183.5,0.8427,515.18,29.28,3,excellent
0.95,1.1,162.7,76.1,0.8398,517.67,26.07,3,excellent
0.6,1.34,190.0,153.3,0.3427,520.95,47.64,0,poor
0.6,0.96,160.9,70.0,0.4887,519.67,39.24,1,fair
0.6,1.6,168.2,170.0,0.498,518.69,42.04,1,fair
0.6,1.09,124.5,86.7,0.5326,518.5,42.04,1,fair
2.18,0.81,173.2,192.0,0.5517,511.82,44.38,1,fair
0.6,1.09,153.6,153.3,0.3925,518.18,43.66,0,poor
0.8,1.02,199.7,239.1,0.5745,517.22,32.77,1,fair
0.6,1.21,146.4,103.3,0.5551,517.7,39.38,1,fair
0.6,1.47,131.8,103.3,0.6551,519.17,35.85,2,good
0.6,1.47,139.1,153.3,0.468,517.96,44.73,1,fair
1.43,0.99,135.7,156.0,0.92,508.3,24.38,3,excellent
0.6,1.09,139.1,203.3,0.5696,515.86,40.7,1,fair
2.2,0.87,146.0,157.1,0.5241,516.48,49.61,1,fair
0.6,1.34,175.5,136.7,0.5022,520.83,43.09,1,fair
1.91,0.87,142.2,185.5,0.3708,517.24,44.17,0,poor
0.6,1.21,153.6,203.3,0.5237,518.74,39.52,1,fair
0.6,1.6,175.5,170.0,0.468,520.23,42.96,1,fair
0.82,1.26,177.2,227.6,0.4157,520.76,41.3,1,fair
1.72,0.94,126.3,218.9,0.6718,515.22,37.17,2,good
1.61,0.68,116.0,237.3,0.4971,514.82,50.1,1,fair
1.93,1.01,161.9,91.5,0.6498,514.88,31.21,2,good
0.6,0.83,153.6,103.3,0.7566,514.36,30.34,3,excellent
2.18,1.71,156.4,248.2,0.8693,511.06,22.69,3,excellent
0.76,0.83,168.2,70.0,0.865,510.78,26.44,3,excellent
0.6,0.83,146.4,70.0,0.7148,516.41,37.5,2,good
0.6,0.96,146.4,103.3,0.5648,514.81,36.96,1,fair
0.6,1.21,168.2,86.7,0.5833,519.33,37.25,1,fair
1.3,0.72,160.7,166.9,0.7161,514.17,33.14,2,good
1.21,0.92,109.7,69.5,0.7773,511.94,30.84,3,excellent
1.33,1.52,197.9,229.0,0.6437,518.57,35.4,2,good
0.6,1.6,110.0,220.0,0.5116,521.21,46.6,1,fair
0.6,0.96,131.8,103.3,0.6011,516.03,35.34,2,good
1.81,1.09,118.4,200.4,0.7803,513.01,31.0,3,excellent
0.76,0.7,160.9,136.7,0.92,514.68,22.18,3,excellent
1.43,0.92,159.7,237.7,0.7706,517.47,26.24,3,excellent
0.6,1.09,117.3,86.7,0.5323,516.84,45.85,1,fair
1.93,1.28,134.5,78.7,0.8425,513.63,29.82,3,excellent
0.6,1.47,110.0,86.7,0.5431,517.37,45.71,1,fair
0.6,1.47,117.3,120.0,0.5554,517.22,40.45,1,fair
0.6,1.47,146.4,186.7,0.4679,518.33,41.57,1,fair
0.6,1.21,131.8,203.3,0.5732,522.11,39.58,1,fair
0.6,0.96,175.5,136.7,0.5012,517.19,40.71,1,fair
0.6,1.6,110.0,153.3,0.6171,518.88,41.1,2,good
0.56,1.13,113.7,184.1,0.6073,516.62,39.2,2,good
0.76,0.7,175.5,103.3,0.92,518.07,27.67,3,excellent
1.89,1.42,156.1,68.6,0.8729,510.82,24.36,3,excellent
0.6,0.7,117.3,153.3,0.8546,515.17,28.12,3,excellent
0.6,1.34,182.7,186.7,0.5125,519.89,43.7,1,fair
0.6,1.6,153.6,70.0,0.3847,519.53,49.34,0,poor
0.9,1.76,127.0,131.7,0.6818,518.37,34.47,2,good
0.94,0.82,185.8,138.6,0.7721,512.17,25.28,3,excellent
0.6,1.6,153.6,120.0,0.6588,516.8,38.45,2,good
0.6,1.09,182.7,153.3,0.5819,518.67,41.88,1,fair
1.05,1.62,113.6,151.5,0.5256,516.11,41.14,1,fair
0.6,0.83,160.9,220.0,0.7821,516.95,28.63,3,excellent
2.07,1.73,174.6,211.1,0.7219,517.1,28.56,2,good
0.76,0.7,175.5,153.3,0.92,514.91,20.5,3,excellent
0.76,0.83,146.4,86.7,0.92,514.97,23.65,3,excellent
1.11,1.19,104.7,62.6,0.4612,518.06,42.26,1,fair
0.76,0.7,131.8,203.3,0.92,514.91,26.01,3,excellent
0.6,1.47,110.0,186.7,0.3919,519.54,47.36,0,poor
1.18,1.1,192.0,143.9,0.777,514.32,29.44,3,excellent
1.95,0.84,102.1,200.1,0.3738,515.16,56.87,0,poor
0.57,1.46,103.1,139.7,0.6724,516.45,43.27,2,good
0.6,1.21,168.2,186.7,0.5235,518.36,36.54,1,fair
0.6,0.7,139.1,120.0,0.8547,515.51,28.03,3,excellent
0.6,0.96,131.8,136.7,0.5857,516.06,39.23,1,fair
0.76,0.83,117.3,170.0,0.746,513.31,31.6,2,good
0.6,0.7,182.7,86.7,0.7205,517.03,32.1,2,good
1.23,1.17,194.3,237.8,0.5567,517.27,34.21,1,fair
1.47,0.62,144.7,157.6,0.6839,513.36,40.04,2,good
1.44,1.0,119.2,213.7,0.7018,514.73,34.28,2,good
0.6,0.7,182.7,186.7,0.6783,519.4,32.04,2,good
1.64,1.71,163.0,181.7,0.8523,514.71,24.51,3,excellent
0.6,1.21,117.3,186.7,0.4966,518.58,46.23,1,fair
1.24,0.69,126.8,163.1,0.8335,510.47,30.84,3,excellent
0.6,1.6,139.1,86.7,0.6368,518.92,35.55,2,good
0.6,1.47,131.8,170.0,0.5201,519.02,38.97,1,fair
0.6,1.34,117.3,220.0,0.4341,519.14,45.48,1,fair
0.76,0.83,124.5,170.0,0.7913,515.12,29.27,3,excellent
1.33,1.09,185.0,144.0,0.7106,515.18,30.81,2,good
0.6,1.47,168.2,220.0,0.3508,519.39,47.45,0,poor
0.76,0.7,160.9,186.7,0.92,515.71,20.63,3,excellent
0.6,0.7,160.9,103.3,0.8921,516.32,26.14,3,excellent
1.54,1.64,133.9,179.9,0.8293,513.34,27.26,3,excellent
0.99,1.46,182.3,197.7,0.516,517.25,39.71,1,fair
1.65,1.23,172.5,214.7,0.7115,514.37,29.09,2,good
1.53,0.64,178.5,242.5,0.5663,514.87,43.71,1,fair
0.6,1.21,110.0,86.7,0.4447,517.22,46.1,1,fair
0.76,0.7,182.7,203.3,0.6665,514.0,27.36,2,good
0.6,1.21,124.5,170.0,0.5021,517.95,47.19,1,fair
1.87,1.43,172.0,131.0,0.8011,515.52,28.23,3,excellent
1.41,1.27,135.3,76.5,0.9123,514.17,24.24,3,excellent
2.06,1.43,108.6,216.7,0.6879,517.19,32.73,2,good
2.02,1.71,182.4,197.5,0.675,515.92,30.2,2,good
0.7,1.74,108.8,198.2,0.3411,520.21,51.58,0,poor
1.62,0.76,165.5,195.8,0.5498,515.9,42.23,1,fair
0.6,0.96,160.9,86.7,0.5179,518.54,39.22,1,fair
0.76,0.7,110.0,103.3,0.7294,514.53,31.48,2,good
0.6,1.09,139.1,153.3,0.538,519.2,39.34,1,fair
0.99,0.74,148.4,222.0,0.794,514.29,27.01,3,excellent
1.85,1.16,188.5,223.2,0.4807,516.69,40.02,1,fair
0.6,0.96,153.6,220.0,0.5442,519.06,38.61,1,fair
0.6,0.83,182.7,170.0,0.6913,515.69,34.3,2,good
2.15,0.68,191.6,84.7,0.5939,514.62,53.68,1,fair
0.6,1.34,190.0,70.0,0.5627,515.65,41.75,1,fair
0.93,1.17,135.0,221.6,0.6769,519.38,34.41,2,good
0.59,1.03,181.1,115.4,0.4689,519.42,44.11,1,fair
0.71,1.5,113.5,247.2,0.4976,515.88,46.26,1,fair
0.6,0.83,124.5,203.3,0.7474,512.61,34.3,2,good
0.95,1.33,103.7,187.1,0.6053,516.49,37.87,2,good
2.08,1.18,127.1,127.7,0.6472,513.84,34.46,2,good
0.6,1.6,168.2,153.3,0.6249,520.08,40.2,2,good
0.6,1.6,182.7,103.3,0.4536,520.03,42.32,1,fair
0.6,1.47,190.0,170.0,0.5,520.16,41.07,1,fair
0.6,1.21,175.5,153.3,0.494,517.87,44.22,1,fair
0.6,1.21,160.9,186.7,0.5564,517.01,39.39,1,fair
0.56,0.66,132.4,181.2,0.7988,513.03,26.91,3,excellent
2.12,0.8,130.2,93.2,0.5423,514.14,46.95,1,fair
0.69,1.34,101.0,182.9,0.1978,519.78,54.1,0,poor
0.76,0.83,168.2,86.7,0.9106,514.53,25.97,3,excellent
0.87,1.31,192.9,168.2,0.67,517.07,36.2,2,good
0.6,0.96,139.1,170.0,0.5512,517.63,39.04,1,fair
0.76,0.82,183.1,136.7,0.8646,515.22,26.41,3,excellent
0.76,0.7,175.5,186.7,0.7435,513.36,27.19,2,good
0.6,1.21,190.0,203.3,0.3646,518.53,44.14,0,poor
0.6,1.6,175.5,103.3,0.5672,518.82,41.12,1,fair
0.55,1.62,164.3,152.9,0.4908,518.04,41.92,1,fair
1.99,1.23,184.7,209.1,0.5194,516.48,41.97,1,fair
0.73,1.33,126.9,188.0,0.5091,515.69,42.0,1,fair
0.76,0.7,168.2,70.0,0.92,514.16,19.65,3,excellent
0.97,1.43,102.6,60.5,0.4611,519.35,41.88,1,fair
0.6,1.47,168.2,170.0,0.4446,519.38,42.06,1,fair
0.6,1.6,153.6,136.7,0.6707,518.43,36.7,2,good
1.74,1.53,137.9,88.7,0.8515,510.9,23.42,3,excellent
1.6,0.75,136.3,225.0,0.5253,513.94,41.95,1,fair
0.6,1.47,139.1,186.7,0.5277,516.58,42.96,1,fair
0.6,1.34,110.0,220.0,0.5075,519.43,46.88,1,fair
1.35,0.91,136.7,128.7,0.9081,513.15,23.68,3,excellent
2.05,0.7,163.8,73.5,0.5502,512.51,45.83,1,fair
0.86,0.78,185.3,98.4,0.7681,515.2,32.01,3,excellent
0.76,0.7,146.4,70.0,0.92,513.93,19.46,3,excellent
0.6,1.21,117.3,120.0,0.4509,519.92,45.32,1,fair
1.68,1.14,120.7,155.7,0.8435,512.88,33.62,3,excellent
0.6,0.96,131.8,186.7,0.4904,519.59,42.37,1,fair
1.15,0.86,119.5,81.4,0.7039,513.11,32.13,2,good
0.6,0.96,190.0,203.3,0.4809,523.27,37.86,1,fair
0.76,0.83,131.8,70.0,0.8272,514.24,27.27,3,excellent
0.6,0.83,190.0,170.0,0.5147,520.49,42.56,1,fair
0.6,1.21,160.9,86.7,0.6474,516.32,36.34,2,good
1.44,1.27,188.2,246.0,0.6989,517.65,31.36,2,good
1.31,1.37,108.5,133.3,0.5698,518.27,36.32,1,fair
0.6,0.83,168.2,203.3,0.6736,517.1,29.33,2,good
0.64,0.83,113.4,169.0,0.6922,515.94,35.74,2,good
0.7,1.18,113.4,79.1,0.5118,516.9,42.87,1,fair
0.6,0.7,146.4,203.3,0.606,514.88,34.75,2,good
0.6,1.34,131.8,86.7,0.4703,520.25,43.72,1,fair
1.5,1.74,117.0,172.5,0.6695,513.5,36.43,2,good
1.63,1.26,133.9,153.6,0.92,513.85,24.94,3,excellent
0.69,1.47,116.4,227.9,0.5631,515.4,43.61,1,fair
0.6,1.09,110.0,120.0,0.4931,519.05,42.53,1,fair
0.6,1.21,124.5,153.3,0.5046,519.08,41.36,1,fair
0.76,0.83,168.2,153.3,0.92,514.5,22.67,3,excellent
0.76,0.83,139.1,86.7,0.92,514.62,24.37,3,excellent
1.6,1.67,132.5,135.8,0.88,514.03,26.71,3,excellent
1.1,1.53,113.0,194.8,0.701,514.25,37.92,2,good
0.76,0.83,160.9,86.7,0.9027,515.53,26.46,3,excellent
0.76,0.83,139.1,136.7,0.92,513.16,28.48,3,excellent
1.0,1.66,129.2,166.2,0.6029,515.5,39.11,2,good
0.6,0.7,190.0,203.3,0.5027,517.46,39.17,1,fair
0.95,0.76,114.4,63.2,0.6694,514.8,29.81,2,good
1.51,0.66,150.7,105.6,0.5928,514.17,40.97,1,fair
0.6,1.21,139.1,103.3,0.5474,519.16,39.52,1,fair
0.6,1.21,131.8,120.0,0.6447,517.74,38.17,2,good
0.6,0.7,168.2,86.7,0.6462,517.69,30.83,2,good
0.6,1.6,160.9,153.3,0.4676,520.83,42.95,1,fair
0.76,0.7,146.4,203.3,0.8372,515.61,28.21,3,excellent
0.6,1.09,124.5,70.0,0.4786,519.05,47.04,1,fair
0.76,0.7,153.6,220.0,0.8873,510.2,22.92,3,excellent
2.03,1.55,176.9,70.0,0.7998,515.61,23.52,3,excellent
0.6,0.7,168.2,136.7,0.7071,514.52,28.99,2,good
1.23,1.0,117.0,110.0,0.7582,517.59,28.48,3,excellent
0.6,0.96,168.2,220.0,0.43,518.53,42.03,1,fair
0.6,0.7,110.0,170.0,0.6395,513.04,35.77,2,good
0.6,1.47,124.5,153.3,0.3384,520.51,52.08,0,poor
2.16,0.93,109.2,125.2,0.4374,513.66,50.39,1,fair
0.6,1.6,160.9,136.7,0.4565,518.45,44.6,1,fair
0.6,1.6,131.8,120.0,0.5957,515.99,43.12,1,fair
0.6,1.09,175.5,86.7,0.6099,519.02,34.85,2,good
0.6,1.21,117.3,70.0,0.6089,516.21,39.49,2,good
0.94,0.76,128.0,227.7,0.8784,511.9,23.68,3,excellent
0.6,0.96,139.1,186.7,0.6065,518.77,34.82,2,good
0.6,1.6,182.7,203.3,0.5129,520.47,43.49,1,fair
1.61,0.81,127.2,199.3,0.715,510.25,39.15,2,good
0.95,1.03,160.4,244.2,0.92,512.71,21.38,3,excellent
0.76,0.83,153.6,170.0,0.92,513.03,25.39,3,excellent
0.6,1.34,182.7,153.3,0.4068,521.55,44.77,1,fair
2.19,1.24,103.5,181.3,0.5705,514.25,40.92,1,fair
1.93,0.99,113.1,121.0,0.6088,511.46,40.96,2,good
0.65,0.76,116.4,107.5,0.8776,514.33,27.05,3,excellent
0.84,0.8,175.0,231.7,0.6954,516.12,29.17,2,good
1.19,0.85,171.3,82.3,0.7766,515.88,24.66,3,excellent
1.9,0.82,132.4,235.9,0.3873,515.08,50.59,0,poor
1.06,1.13,116.6,72.7,0.6075,515.16,35.99,2,good
0.6,0.96,168.2,186.7,0.5972,517.19,35.39,1,fair
0.6,1.09,168.2,103.3,0.4445,517.87,42.8,1,fair
0.6,1.47,146.4,136.7,0.4456,519.6,44.61,1,fair
0.76,0.83,110.0,186.7,0.7156,514.32,34.34,2,good
2.14,0.98,143.6,71.0,0.3687,515.82,46.81,0,poor
1.11,0.8,113.5,206.9,0.7174,512.5,31.64,2,good
0.6,0.83,146.4,186.7,0.774,516.64,30.83,3,excellent
0.74,0.91,110.7,77.1,0.6164,514.58,38.36,2,good
0.6,1.34,182.7,136.7,0.4635,518.26,41.51,1,fair
0.6,0.7,168.2,170.0,0.661,516.9,30.66,2,good
0.63,0.98,179.0,105.0,0.4771,518.93,42.57,1,fair
0.87,0.68,188.0,112.8,0.6415,516.22,32.19,2,good
0.6,1.09,175.5,186.7,0.5287,518.73,36.65,1,fair
2.06,1.48,134.5,135.3,0.92,512.82,26.86,3,excellent
0.6,0.7,146.4,136.7,0.7072,516.85,32.51,2,good
1.17,1.27,160.8,169.7,0.92,517.51,25.06,3,excellent
0.6,1.34,139.1,120.0,0.486,516.19,42.84,1,fair
0.6,1.34,160.9,186.7,0.5952,519.32,39.45,1,fair
0.6,0.83,182.7,86.7,0.6779,516.36,32.28,2,good
0.6,0.7,190.0,120.0,0.683,516.26,37.58,2,good
0.76,0.7,124.5,103.3,0.8016,517.82,26.49,3,excellent
1.46,0.64,186.7,179.4,0.3986,515.64,47.02,0,poor
0.76,0.7,131.8,220.0,0.7983,511.86,27.81,3,excellent
0.6,0.83,146.4,136.7,0.782,514.48,25.13,3,excellent
0.6,1.47,153.6,86.7,0.6499,517.88,36.49,2,good
0.6,1.21,182.7,220.0,0.5767,521.21,38.42,1,fair
0.8,1.7,123.5,198.3,0.5179,518.76,43.37,1,fair
0.6,0.7,117.3,203.3,0.6471,514.83,38.73,2,good
0.6,1.09,153.6,120.0,0.6379,518.64,40.66,2,good
0.85,1.11,190.0,121.3,0.7125,515.67,32.5,2,good
0.6,0.96,139.1,153.3,0.6998,515.82,36.98,2,good
2.01,1.5,128.9,208.5,0.8142,514.28,27.68,3,excellent
0.6,1.09,153.6,203.3,0.6287,517.49,33.47,2,good
2.14,0.77,155.0,198.3,0.4471,513.71,52.62,1,fair
1.41,1.44,178.9,224.9,0.7017,516.0,32.8,2,good
0.6,1.34,153.6,220.0,0.445,519.85,43.28,1,fair
0.6,0.7,131.8,86.7,0.68,516.25,32.61,2,good
0.6,1.6,182.7,70.0,0.5921,518.11,40.35,1,fair
0.6,1.47,110.0,103.3,0.4503,520.73,44.86,1,fair
0.76,0.7,131.8,136.7,0.92,514.03,25.5,3,excellent
0.6,0.83,175.5,136.7,0.8587,514.57,29.51,3,excellent
0.6,1.47,175.5,120.0,0.4692,519.22,43.94,1,fair
0.6,0.96,168.2,170.0,0.5531,515.62,37.92,1,fair
0.6,1.21,168.2,70.0,0.6196,518.65,36.25,2,good
0.76,0.83,131.8,103.3,0.8342,510.8,30.08,3,excellent
0.6,1.34,182.7,70.0,0.4828,518.87,43.94,1,fair
2.05,0.7,190.1,212.1,0.4705,515.16,51.76,1,fair
0.76,0.83,182.7,220.0,0.6874,517.0,28.96,2,good
0.6,0.96,182.7,86.7,0.3952,520.36,45.38,0,poor
0.6,1.34,124.5,220.0,0.4834,516.08,47.37,1,fair
0.6,0.83,124.5,186.7,0.7627,516.2,32.21,3,excellent
1.71,0.72,182.5,66.2,0.4761,514.38,49.9,1,fair
0.6,1.09,110.0,70.0,0.5599,517.09,42.61,1,fair
0.6,0.7,168.2,120.0,0.6519,514.89,29.59,2,good
0.6,0.7,139.1,203.3,0.6276,518.29,30.64,2,good
0.6,1.09,182.7,203.3,0.5004,519.83,41.78,1,fair
0.6,0.83,131.8,153.3,0.6663,515.06,34.81,2,good
0.6,1.47,146.4,103.3,0.529,517.67,39.21,1,fair
2.14,0.98,178.7,202.9,0.4454,517.34,44.64,1,fair
1.79,1.29,116.3,90.4,0.7037,513.11,35.42,2,good
0.51,1.16,197.3,182.9,0.4192,522.54,48.64,1,fair
1.11,1.25,138.3,97.3,0.8917,512.6,24.28,3,excellent
1.97,0.77,154.7,207.6,0.5294,514.46,46.73,1,fair
0.6,1.21,124.5,70.0,0.3953,519.06,44.8,0,poor
1.9,0.65,129.1,235.2,0.509,513.13,57.0,1,fair
0.6,0.83,146.4,220.0,0.7645,513.85,30.99,3,excellent
0.76,0.7,168.2,186.7,0.92,515.96,20.19,3,excellent
0.78,1.69,112.9,177.5,0.5236,514.3,43.33,1,fair
0.6,1.6,190.0,70.0,0.4363,519.8,45.68,1,fair
1.02,1.58,180.1,197.4,0.5986,518.55,37.69,1,fair
1.14,1.34,156.5,80.0,0.8733,516.26,24.84,3,excellent
0.6,1.21,139.1,203.3,0.4188,520.15,44.41,1,fair
0.6,0.96,182.7,170.0,0.5805,519.71,37.2,1,fair
1.6,1.29,103.5,185.8,0.7534,513.6,29.61,3,excellent
0.92,1.43,127.5,135.8,0.6079,518.16,38.58,2,good
0.76,0.7,175.5,70.0,0.8761,518.38,24.43,3,excellent
1.93,1.1,175.5,149.6,0.6334,517.04,35.71,2,good
1.02,0.95,139.9,94.7,0.92,512.97,20.24,3,excellent
0.6,1.34,110.0,86.7,0.5097,517.91,44.48,1,fair
1.18,1.36,168.8,100.5,0.7193,517.59,26.82,2,good
0.6,0.96,110.0,120.0,0.4429,520.84,40.91,1,fair
1.64,0.81,145.2,227.5,0.5882,518.02,41.46,1,fair
0.76,0.7,182.7,186.7,0.6723,515.79,30.24,2,good
1.44,1.33,158.3,134.4,0.92,514.18,22.5,3,excellent
0.6,0.96,160.9,103.3,0.6278,515.95,36.09,2,good
0.6,1.09,160.9,153.3,0.6193,517.4,37.65,2,good
2.17,1.75,172.8,195.3,0.7381,514.03,24.81,2,good
1.29,0.71,154.6,72.0,0.7368,511.8,27.57,2,good
0.6,0.96,153.6,203.3,0.4914,517.19,42.92,1,fair
0.6,1.09,160.9,70.0,0.6197,515.47,36.52,2,good
0.6,1.34,153.6,70.0,0.4735,519.96,40.4,1,fair
0.6,1.09,117.3,70.0,0.4803,515.99,41.64,1,fair
0.6,1.21,168.2,170.0,0.4155,521.19,43.2,1,fair
0.76,0.7,117.3,220.0,0.729,514.82,29.78,2,good
0.6,0.83,153.6,86.7,0.6803,517.52,30.02,2,good
0.73,0.61,141.7,244.1,0.9153,511.42,19.32,3,excellent
0.6,1.34,124.5,86.7,0.5338,522.32,44.34,1,fair
0.6,1.47,175.5,203.3,0.5673,518.48,38.94,1,fair
0.76,0.83,190.0,103.3,0.6696,514.34,33.65,2,good
0.6,1.6,190.0,103.3,0.5396,517.52,42.31,1,fair
1.97,1.54,106.2,169.1,0.5763,513.98,36.99,1,fair
0.79,1.44,108.5,72.8,0.4137,517.04,46.09,1,fair
0.6,1.6,168.2,103.3,0.4387,519.77,44.66,1,fair
0.76,0.7,190.0,120.0,0.7725,517.84,29.42,3,excellent
0.6,0.96,146.4,170.0,0.543,515.89,42.29,1,fair
0.76,0.7,110.0,170.0,0.823,514.76,28.92,3,excellent
0.6,1.09,182.7,86.7,0.5274,517.66,45.03,1,fair
1.41,1.38,174.1,180.5,0.8127,513.83,25.62,3,excellent
0.76,0.83,175.5,170.0,0.8097,513.55,28.29,3,excellent
0.6,1.09,117.3,186.7,0.6359,517.46,39.59,2,good
0.6,1.47,160.9,203.3,0.4235,519.46,41.23,1,fair
0.76,0.83,124.5,103.3,0.6863,516.86,34.36,2,good
0.6,0.7,182.7,153.3,0.7674,514.86,28.85,3,excellent
0.6,0.83,110.0,170.0,0.6848,516.14,36.06,2,good
1.7,0.65,126.3,210.1,0.5086,515.64,52.65,1,fair
0.6,1.47,190.0,203.3,0.4817,517.61,42.44,1,fair
0.6,0.96,190.0,153.3,0.572,518.86,39.44,1,fair
0.7,0.64,182.2,189.3,0.7066,516.5,29.33,2,good
0.6,1.34,168.2,103.3,0.5026,517.25,43.99,1,fair
0.6,1.47,175.5,103.3,0.4427,520.85,42.78,1,fair
1.24,0.81,163.4,170.2,0.92,512.14,23.26,3,excellent
0.6,0.83,168.2,220.0,0.7459,517.5,28.6,2,good
1.87,0.79,167.1,248.5,0.4528,516.19,48.43,1,fair
0.6,0.83,124.5,70.0,0.7138,515.93,35.68,2,good
1.76,0.64,198.4,79.4,0.3813,514.37,55.38,0,poor
1.41,1.8,181.1,239.3,0.5919,517.42,33.8,1,fair
0.9,1.55,142.2,64.5,0.5274,517.56,39.76,1,fair
2.07,1.26,105.6,70.7,0.5332,515.02,39.87,1,fair
0.76,0.83,182.7,86.7,0.8332,514.37,26.01,3,excellent
0.55,1.67,141.0,228.5,0.3983,519.02,46.31,0,poor
0.93,0.97,188.7,220.8,0.6321,517.04,33.3,2,good
0.6,1.34,190.0,86.7,0.4922,521.0,42.73,1,fair
0.95,1.58,105.6,187.2,0.5,517.43,42.42,1,fair
0.6,1.6,146.4,103.3,0.5417,517.14,41.5,1,fair
0.6,1.6,117.3,220.0,0.4027,521.1,50.54,1,fair
0.6,0.7,117.3,70.0,0.6822,515.82,34.37,2,good
2.19,0.99,146.3,151.3,0.5309,514.35,45.41,1,fair
0.93,0.74,195.4,141.6,0.6873,515.57,34.85,2,good
0.6,0.96,139.1,103.3,0.6099,517.09,40.24,2,good
0.6,1.47,175.5,70.0,0.5044,515.82,42.59,1,fair
1.84,0.95,173.0,230.0,0.5423,517.64,41.56,1,fair
0.6,0.96,146.4,86.7,0.518,517.32,36.31,1,fair
0.6,1.47,131.8,136.7,0.4812,516.83,45.73,1,fair
0.6,1.34,124.5,170.0,0.6168,517.65,42.25,2,good
0.6,1.6,182.7,120.0,0.4717,518.76,45.83,1,fair
0.6,1.6,124.5,86.7,0.4802,518.77,47.23,1,fair
0.6,0.83,110.0,220.0,0.6652,517.22,38.39,2,good
0.76,0.83,175.5,153.3,0.778,517.61,30.16,3,excellent
0.6,0.96,168.2,120.0,0.3971,520.23,45.85,0,poor
0.76,0.83,117.3,70.0,0.5733,518.7,36.55,1,fair
0.6,1.6,110.0,120.0,0.5466,516.84,41.14,1,fair
0.76,0.7,110.0,120.0,0.8938,515.7,28.71,3,excellent
1.37,1.42,112.2,141.9,0.7298,514.46,31.97,2,good
0.6,1.6,124.5,153.3,0.5712,519.02,42.49,1,fair
0.6,1.6,168.2,86.7,0.3835,519.13,42.82,0,poor
0.6,1.34,175.5,153.3,0.495,517.41,45.32,1,fair
0.6,0.83,175.5,153.3,0.6505,518.48,35.61,2,good
0.91,1.26,136.9,110.3,0.7686,517.33,29.57,3,excellent
1.3,1.26,172.1,102.9,0.8047,513.08,26.4,3,excellent
0.6,0.83,131.8,203.3,0.6986,517.39,33.67,2,good
0.76,0.7,175.5,203.3,0.6764,517.16,30.21,2,good
0.76,0.7,124.5,203.3,0.8978,511.82,23.12,3,excellent
0.6,1.6,110.0,86.7,0.6157,516.94,39.92,2,good
0.6,1.34,131.8,136.7,0.5118,523.54,45.5,1,fair
0.6,1.21,131.8,170.0,0.6648,515.92,34.85,2,good
0.55,1.6,104.4,220.8,0.5293,519.58,45.91,1,fair
2.02,0.86,182.5,146.7,0.4158,516.28,48.66,1,fair
0.6,1.21,190.0,186.7,0.2945,522.91,50.66,0,poor
0.6,0.83,160.9,153.3,0.6498,518.76,32.18,2,good
1.4,0.95,133.8,205.7,0.8132,515.64,29.0,3,excellent
0.6,1.6,124.5,220.0,0.6007,517.87,40.31,2,good
0.6,1.09,146.4,70.0,0.5716,518.84,36.19,1,fair
0.6,0.7,175.5,170.0,0.6669,518.31,30.13,2,good
0.76,0.7,139.1,70.0,0.92,512.86,26.4,3,excellent
1.71,1.23,179.5,85.8,0.7551,514.91,26.32,3,excellent
0.6,0.83,131.8,170.0,0.7604,513.64,32.27,3,excellent
0.6,1.09,146.4,220.0,0.5742,516.58,35.06,1,fair
2.12,1.17,183.4,87.4,0.6404,515.58,37.34,2,good
0.6,1.09,190.0,186.7,0.4356,519.62,39.41,1,fair
1.92,1.54,114.0,192.7,0.92,510.75,28.82,3,excellent
0.6,1.34,153.6,203.3,0.5756,517.9,39.33,1,fair
1.39,1.63,199.9,172.7,0.5179,517.56,36.19,1,fair
0.54,0.66,162.7,189.5,0.905,513.09,25.79,3,excellent
1.79,1.74,157.8,189.1,0.9075,515.26,24.18,3,excellent
0.6,1.09,168.2,186.7,0.4667,520.72,37.57,1,fair
0.6,1.21,160.9,120.0,0.4966,521.36,41.76,1,fair
0.6,0.83,146.4,203.3,0.6158,517.26,31.71,2,good
0.6,1.09,131.8,70.0,0.4795,518.88,41.33,1,fair
0.6,1.21,175.5,203.3,0.4017,519.3,43.33,1,fair
1.45,0.77,189.7,62.1,0.5215,516.91,44.06,1,fair
2.03,1.54,133.8,82.8,0.9103,513.48,22.04,3,excellent
1.03,1.02,198.6,196.0,0.6874,515.54,30.35,2,good
1.37,1.2,150.4,184.5,0.92,513.79,22.63,3,excellent
0.76,0.7,153.6,120.0,0.92,516.53,22.4,3,excellent
0.6,1.47,182.7,70.0,0.5033,521.67,38.9,1,fair
1.48,0.67,107.7,104.6,0.5761,513.87,45.89,1,fair
0.76,0.7,124.5,136.7,0.8808,509.79,28.94,3,excellent
1.34,0.61,175.2,79.7,0.5812,514.99,39.09,1,fair
0.6,1.34,153.6,136.7,0.6568,517.7,37.03,2,good
0.6,0.83,124.5,103.3,0.7366,517.3,32.24,2,good
1.96,1.5,153.8,143.1,0.92,512.77,22.2,3,excellent
2.1,1.71,103.7,143.5,0.7498,513.89,28.59,2,good
0.6,1.6,124.5,136.7,0.5371,517.22,43.6,1,fair
0.6,1.09,153.6,86.7,0.5096,518.14,38.51,1,fair
0.6,1.34,131.8,170.0,0.5537,519.07,42.93,1,fair
1.3,1.02,179.9,196.4,0.6938,518.76,28.58,2,good
0.6,1.47,160.9,220.0,0.3763,520.92,41.87,0,poor
1.76,1.49,126.5,96.4,0.701,514.46,31.08,2,good
0.6,1.34,117.3,153.3,0.5767,517.42,40.17,1,fair
0.6,0.96,146.4,136.7,0.577,521.79,38.77,1,fair
0.6,1.6,168.2,120.0,0.5835,517.96,37.09,1,fair
1.26,0.96,116.4,123.9,0.8118,514.25,32.21,3,excellent
2.09,0.81,102.1,86.1,0.4361,515.78,52.28,1,fair
0.6,0.7,168.2,203.3,0.8196,514.65,25.22,3,excellent
0.6,0.7,139.1,86.7,0.8685,515.13,26.55,3,excellent
0.73,1.27,104.7,97.6,0.4317,515.62,46.68,1,fair
1.73,0.68,100.9,161.1,0.4265,513.18,51.25,1,fair
0.6,0.83,117.3,86.7,0.6773,513.82,32.9,2,good
0.76,0.7,139.1,86.7,0.92,512.7,25.12,3,excellent
0.76,0.83,160.9,186.7,0.8507,515.5,25.48,3,excellent
0.76,0.83,117.3,136.7,0.8246,514.7,31.69,3,excellent
0.61,0.65,149.9,136.9,0.92,513.64,23.75,3,excellent
0.63,1.58,184.0,177.5,0.3496,521.91,50.22,0,poor
1.7,0.81,196.0,110.7,0.4786,515.76,43.44,1,fair
0.6,0.83,139.1,136.7,0.7819,515.98,32.46,3,excellent
0.6,1.47,110.0,136.7,0.5049,519.66,41.44,1,fair
0.6,0.96,146.4,70.0,0.3925,521.37,47.28,0,poor
1.8,1.77,131.5,182.8,0.6756,516.66,33.85,2,good
0.62,1.75,124.5,79.8,0.3901,517.71,44.29,0,poor
1.8,1.71,168.3,147.3,0.8748,517.4,26.83,3,excellent
1.3,1.52,198.1,232.2,0.6554,518.78,35.02,2,good
1.63,1.39,167.3,107.3,0.92,516.46,23.05,3,excellent
0.6,1.47,146.4,203.3,0.5012,515.48,44.72,1,fair
0.6,1.47,190.0,220.0,0.4265,518.75,44.01,1,fair
0.6,0.96,182.7,203.3,0.5009,516.84,41.75,1,fair
1.5,0.92,157.7,132.4,0.5697,513.5,33.73,1,fair
0.6,1.21,175.5,86.7,0.4747,521.95,43.3,1,fair
0.6,1.6,160.9,186.7,0.4922,518.7,40.06,1,fair
0.76,0.7,117.3,170.0,0.9108,513.65,22.25,3,excellent
1.33,1.48,140.7,119.9,0.92,514.2,24.53,3,excellent
0.97,1.04,148.1,203.0,0.7609,515.0,28.84,3,excellent
1.91,1.47,106.9,135.5,0.6844,513.71,31.71,2,good
1.18,1.06,115.5,92.8,0.7384,515.77,28.21,2,good
0.65,0.85,132.1,193.2,0.8058,514.82,33.71,3,excellent
0.6,0.83,117.3,170.0,0.6063,515.71,37.05,2,good
0.6,1.09,175.5,203.3,0.4848,519.18,40.82,1,fair
0.6,1.09,117.3,153.3,0.5018,518.16,45.64,1,fair
1.14,0.77,191.4,140.8,0.728,514.28,31.74,2,good
0.6,0.96,175.5,120.0,0.594,521.93,34.98,1,fair
0.76,0.83,160.9,220.0,0.8476,517.76,21.81,3,excellent
1.58,1.48,180.0,211.0,0.5679,518.79,34.34,1,fair
1.3,1.67,190.8,192.1,0.6232,515.42,32.88,2,good
0.6,1.47,175.5,170.0,0.4723,520.82,42.22,1,fair
0.76,0.83,131.8,136.7,0.8997,515.82,24.05,3,excellent
0.76,0.7,139.1,153.3,0.7902,511.98,28.62,3,excellent
2.0,1.75,133.9,75.7,0.8224,514.31,25.83,3,excellent
1.89,0.63,131.3,101.7,0.4474,512.65,55.57,1,fair
1.74,0.89,188.0,147.0,0.5801,515.81,42.1,1,fair
0.6,1.6,160.9,70.0,0.5731,516.85,42.72,1,fair
1.85,1.45,111.5,121.0,0.5841,515.72,35.07,1,fair
0.76,0.83,139.1,153.3,0.763,514.62,30.1,3,excellent
0.6,0.96,168.2,203.3,0.4275,518.44,42.49,1,fair
1.63,1.18,197.6,194.4,0.6894,517.91,29.73,2,good
0.6,0.96,160.9,203.3,0.5692,518.7,36.81,1,fair
1.89,0.71,159.0,92.5,0.6212,513.99,45.7,2,good
0.97,1.19,152.2,179.8,0.92,514.12,20.54,3,excellent
1.48,1.63,115.3,181.3,0.92,513.45,25.65,3,excellent
0.6,0.83,139.1,186.7,0.6604,516.12,33.72,2,good
0.6,0.7,117.3,103.3,0.5622,519.31,35.11,1,fair
1.99,1.33,107.6,143.7,0.5823,515.7,37.59,1,fair
0.6,0.83,146.4,86.7,0.7635,515.98,30.91,3,excellent
0.6,1.34,139.1,220.0,0.408,519.09,46.5,1,fair
0.76,0.7,182.7,86.7,0.7439,515.85,29.17,2,good
0.6,0.96,124.5,70.0,0.5808,520.32,37.33,1,fair
1.55,1.21,160.9,150.8,0.92,513.93,24.51,3,excellent
1.87,1.06,166.9,74.7,0.6572,516.02,31.96,2,good
0.6,1.6,153.6,86.7,0.4753,518.57,41.14,1,fair
0.6,1.34,160.9,103.3,0.4776,515.05,41.51,1,fair
0.6,0.96,117.3,203.3,0.6365,514.74,39.25,2,good
0.6,1.6,110.0,136.7,0.4528,515.04,43.81,1,fair
0.6,1.6,124.5,186.7,0.4303,516.33,47.74,1,fair
1.78,1.38,121.8,126.3,0.6723,512.4,32.37,2,good
0.6,0.83,117.3,203.3,0.7482,515.39,30.93,2,good
0.6,1.6,146.4,120.0,0.4829,515.31,41.47,1,fair
1.01,1.16,137.8,94.3,0.6747,513.98,33.13,2,good
0.6,1.21,153.6,220.0,0.4833,520.92,44.82,1,fair
0.6,0.96,160.9,220.0,0.5694,518.35,39.72,1,fair
1.49,1.33,173.4,214.9,0.7131,515.86,27.95,2,good
2.12,1.66,101.0,103.1,0.4314,516.9,41.21,1,fair
0.76,0.83,175.5,186.7,0.7126,517.85,31.14,2,good
0.6,1.21,160.9,203.3,0.5941,519.98,36.44,1,fair
0.6,0.83,117.3,220.0,0.7735,513.76,33.23,3,excellent
0.54,1.79,141.6,77.1,0.5014,518.26,42.42,1,fair
0.6,1.21,146.4,86.7,0.564,517.52,36.94,1,fair
0.6,0.83,182.7,136.7,0.631,517.31,37.65,2,good
0.6,1.47,110.0,120.0,0.5037,517.87,48.35,1,fair
0.6,1.47,153.6,170.0,0.5795,518.57,40.63,1,fair
0.73,1.68,133.5,183.6,0.689,514.35,38.01,2,good
0.76,0.7,139.1,186.7,0.92,514.18,21.19,3,excellent
0.6,1.09,139.1,220.0,0.5026,520.19,39.37,1,fair
0.6,0.96,168.2,153.3,0.3788,517.95,42.22,0,poor
2.04,0.98,169.9,88.5,0.5517,515.34,38.46,1,fair
0.6,0.96,146.4,220.0,0.4444,516.39,39.5,1,fair
1.08,1.07,182.6,225.0,0.6312,517.67,32.55,2,good
1.55,0.95,115.7,141.6,0.661,515.64,38.64,2,good
0.6,0.7,124.5,153.3,0.7744,516.33,33.67,3,excellent
0.73,1.69,169.2,99.8,0.5021,521.96,41.11,1,fair
0.6,1.34,190.0,136.7,0.4745,516.33,40.63,1,fair
0.76,0.7,139.1,220.0,0.7886,512.98,26.06,3,excellent
0.6,0.83,160.9,120.0,0.7178,516.34,32.11,2,good
0.6,1.09,168.2,70.0,0.4987,515.96,39.43,1,fair
0.6,1.21,175.5,120.0,0.5987,517.67,34.59,1,fair
0.6,1.6,182.7,170.0,0.5439,520.26,41.34,1,fair
0.76,0.7,131.8,186.7,0.92,513.52,27.81,3,excellent
0.6,1.21,124.5,120.0,0.5016,516.94,45.22,1,fair
0.6,1.34,110.0,153.3,0.5184,517.19,44.05,1,fair
2.09,1.38,131.0,229.0,0.7481,511.79,29.16,2,good
0.76,0.83,168.2,120.0,0.92,514.96,27.46,3,excellent
1.79,1.33,136.0,93.3,0.92,512.53,25.2,3,excellent
0.6,1.6,110.0,170.0,0.5508,519.81,44.78,1,fair
0.6,0.7,110.0,120.0,0.8118,516.92,34.63,3,excellent
0.84,1.42,150.2,94.4,0.5095,516.04,38.78,1,fair
0.57,1.22,115.8,195.0,0.613,517.12,40.27,2,good
0.6,1.09,182.7,186.7,0.402,519.18,45.73,1,fair
0.6,0.96,168.2,86.7,0.5507,519.42,39.59,1,fair
0.6,0.7,110.0,153.3,0.7249,515.76,37.56,2,good
0.6,0.83,182.7,103.3,0.7111,517.9,35.53,2,good
1.98,1.34,101.9,69.9,0.5013,514.98,43.0,1,fair
0.6,1.21,153.6,186.7,0.6183,519.09,35.25,2,good
0.6,0.83,182.7,203.3,0.5398,514.23,39.67,1,fair
0.6,0.7,131.8,220.0,0.8506,515.23,28.38,3,excellent
0.6,1.21,153.6,103.3,0.4959,518.08,39.31,1,fair
0.6,0.96,110.0,103.3,0.5071,517.54,43.24,1,fair
0.6,1.6,146.4,203.3,0.3931,516.81,43.43,0,poor
0.76,0.83,146.4,120.0,0.92,515.09,24.06,3,excellent
1.23,1.34,185.7,158.0,0.8262,517.08,29.55,3,excellent
0.68,1.71,140.5,177.7,0.4983,514.85,42.69,1,fair
0.6,1.6,110.0,103.3,0.4367,518.36,49.56,1,fair
0.73,0.73,125.9,217.5,0.7081,516.92,28.82,2,good
1.22,1.78,178.5,107.3,0.5899,518.61,36.43,1,fair
1.57,1.77,158.5,218.0,0.6488,516.17,29.45,2,good
0.6,1.34,153.6,86.7,0.555,517.49,36.49,1,fair
0.91,1.5,130.1,64.9,0.478,518.13,41.19,1,fair
0.6,0.96,160.9,136.7,0.5593,517.56,36.63,1,fair
0.6,1.34,175.5,86.7,0.5875,519.37,42.03,1,fair
0.75,1.7,123.9,93.6,0.4626,519.21,46.2,1,fair
0.6,1.09,153.6,136.7,0.6,519.56,35.92,2,good
0.6,1.21,190.0,136.7,0.52,519.0,42.38,1,fair
1.69,0.95,114.0,145.5,0.5054,515.46,39.65,1,fair
0.6,1.34,124.5,103.3,0.5287,516.19,44.62,1,fair
0.76,0.83,175.5,70.0,0.6412,518.73,34.91,2,good
0.76,0.7,168.2,120.0,0.8747,515.68,24.35,3,excellent
0.6,0.83,182.7,186.7,0.638,518.42,33.66,2,good
0.76,0.83,131.8,186.7,0.8384,515.52,31.65,3,excellent
1.7,0.65,187.9,133.3,0.5744,514.29,47.34,1,fair
2.11,1.14,154.2,138.4,0.6333,517.05,36.79,2,good
0.6,0.7,153.6,170.0,0.6912,513.82,33.79,2,good
0.6,0.7,124.5,136.7,0.6363,516.82,37.88,2,good
0.6,0.83,124.5,136.7,0.7339,515.91,29.45,2,good
0.6,1.21,146.4,170.0,0.5354,520.02,41.4,1,fair
0.6,1.47,175.5,86.7,0.4881,516.7,42.17,1,fair
1.5,0.89,104.3,175.1,0.4557,515.89,42.51,1,fair
0.6,0.7,168.2,153.3,0.7548,516.99,28.0,3,excellent
1.11,0.73,156.2,86.0,0.8388,512.37,26.93,3,excellent
1.3,0.61,154.9,219.7,0.4422,517.22,43.89,1,fair
0.9,1.4,159.6,194.8,0.5887,517.22,32.87,1,fair
2.07,0.87,102.2,242.5,0.3888,512.33,48.5,0,poor
1.35,1.32,141.8,233.6,0.92,513.54,22.3,3,excellent
0.76,0.83,153.6,136.7,0.8699,514.58,23.14,3,excellent
0.6,1.09,110.0,103.3,0.4867,516.41,42.02,1,fair
0.97,1.22,167.9,65.5,0.7267,516.37,30.49,2,good
0.58,1.33,123.9,146.1,0.6554,515.77,39.05,2,good
0.76,0.7,153.6,170.0,0.9166,513.93,20.44,3,excellent
0.76,0.7,160.9,70.0,0.92,514.18,22.07,3,excellent
2.02,0.68,103.5,234.0,0.3864,512.33,60.0,0,poor
2.02,0.73,138.5,92.2,0.5093,512.63,53.44,1,fair
1.33,1.26,175.6,110.1,0.6869,516.7,27.03,2,good
0.6,1.34,153.6,153.3,0.5573,516.89,37.0,1,fair
0.6,1.09,110.0,136.7,0.6465,517.31,36.5,2,good
0.6,0.7,160.9,186.7,0.7067,516.76,30.7,2,good
0.6,0.7,124.5,186.7,0.7742,514.38,28.95,3,excellent
1.94,1.37,164.1,119.2,0.92,513.82,23.03,3,excellent
0.6,1.21,139.1,153.3,0.5431,519.65,40.62,1,fair
0.73,1.05,128.7,232.1,0.5283,516.16,40.62,1,fair
0.6,0.7,146.4,153.3,0.6753,513.78,30.43,2,good
0.6,1.34,131.8,203.3,0.6074,519.09,39.93,2,good
0.6,0.96,153.6,103.3,0.6208,519.7,31.55,2,good
0.6,1.34,190.0,203.3,0.4112,521.26,44.95,1,fair
0.6,1.34,124.5,136.7,0.4351,518.0,45.4,1,fair
0.6,0.7,110.0,186.7,0.6408,513.87,39.06,2,good
0.6,1.47,168.2,120.0,0.3811,519.8,43.65,0,poor
0.76,0.7,168.2,220.0,0.7464,514.28,28.87,2,good
0.6,0.96,175.5,170.0,0.4543,516.23,40.91,1,fair
0.6,0.7,139.1,186.7,0.8651,516.9,27.52,3,excellent
0.52,1.13,126.9,141.6,0.5559,517.56,43.38,1,fair
0.6,0.7,182.7,170.0,0.5684,519.1,37.74,1,fair
0.6,0.96,182.7,220.0,0.5606,519.15,36.99,1,fair
0.76,0.7,190.0,220.0,0.6597,516.21,33.37,2,good
0.6,0.83,190.0,203.3,0.6545,517.42,36.18,2,good
0.6,0.83,175.5,120.0,0.49,518.32,35.48,1,fair
1.42,1.49,196.8,230.4,0.7567,517.32,28.24,3,excellent
0.76,0.83,146.4,203.3,0.8676,515.02,28.46,3,excellent
0.6,1.47,160.9,120.0,0.6977,516.38,34.7,2,good
2.19,1.59,164.8,86.0,0.92,513.4,20.17,3,excellent
2.17,0.73,186.4,210.9,0.4518,514.85,55.79,1,fair
1.55,0.86,191.6,67.6,0.6525,516.06,38.32,2,good
0.6,1.21,139.1,120.0,0.4684,516.94,42.01,1,fair
0.6,0.83,190.0,103.3,0.6377,520.84,35.79,2,good
0.6,1.34,139.1,136.7,0.5385,519.17,41.76,1,fair
1.12,0.64,127.0,86.1,0.6443,512.35,40.93,2,good
0.6,1.21,146.4,120.0,0.6958,518.53,34.66,2,good
2.07,0.94,107.9,243.6,0.4359,516.82,52.69,1,fair
0.6,1.34,110.0,120.0,0.2945,519.08,47.95,0,poor
1.75,0.7,173.1,118.4,0.4972,514.37,44.43,1,fair
0.76,0.7,190.0,136.7,0.7419,515.05,28.56,2,good
1.76,1.31,102.3,182.1,0.7183,517.29,32.31,2,good
0.6,0.7,153.6,70.0,0.6086,516.35,31.24,2,good
1.23,0.84,173.9,219.3,0.6571,516.37,32.48,2,good
0.6,0.7,175.5,103.3,0.8396,515.84,26.5,3,excellent
0.6,1.34,153.6,170.0,0.627,518.94,36.23,2,good
0.6,0.96,139.1,70.0,0.7542,513.69,32.18,3,excellent
0.76,0.83,131.8,120.0,0.92,511.3,22.87,3,excellent
0.6,0.96,190.0,220.0,0.6304,518.93,36.79,2,good
0.76,0.83,139.1,203.3,0.8187,515.23,26.5,3,excellent
0.76,0.83,168.2,220.0,0.7924,514.3,28.41,3,excellent
0.6,1.6,110.0,186.7,0.496,517.26,43.44,1,fair
1.52,1.46,144.9,71.4,0.92,512.53,22.1,3,excellent
0.6,0.7,190.0,70.0,0.6561,516.08,33.57,2,good
0.6,0.7,139.1,103.3,0.8561,513.5,27.63,3,excellent
0.6,0.83,110.0,153.3,0.6334,516.63,40.36,2,good
0.6,0.83,168.2,136.7,0.604,517.86,36.56,2,good
0.6,0.7,146.4,103.3,0.8206,517.4,29.05,3,excellent
0.6,1.21,153.6,153.3,0.4892,518.46,38.5,1,fair
0.6,0.7,153.6,203.3,0.7065,516.18,28.19,2,good
0.76,1.18,150.6,61.1,0.5479,518.83,37.93,1,fair
1.08,0.93,117.8,149.3,0.7837,515.41,24.98,3,excellent
0.6,0.83,153.6,120.0,0.7675,515.15,32.51,3,excellent
0.6,0.83,117.3,186.7,0.7371,513.74,33.59,2,good
0.6,1.6,146.4,220.0,0.4785,516.81,41.64,1,fair
0.6,1.47,160.9,170.0,0.4527,519.58,42.13,1,fair
0.6,0.83,117.3,103.3,0.7613,512.84,32.04,3,excellent
0.6,0.7,168.2,70.0,0.7758,514.74,28.38,3,excellent
0.55,1.75,198.3,228.5,0.3792,520.15,49.34,0,poor
0.71,0.97,167.0,205.1,0.7225,514.28,27.48,2,good
0.6,1.21,153.6,86.7,0.4829,518.44,40.62,1,fair
1.13,1.29,149.3,166.9,0.6272,514.99,33.25,2,good
0.76,0.7,124.5,120.0,0.7316,512.81,31.97,2,good
0.6,0.83,139.1,153.3,0.7416,517.58,32.55,2,good
0.6,0.96,110.0,203.3,0.6097,516.09,43.16,2,good
0.6,1.09,168.2,170.0,0.7336,514.94,30.98,2,good
1.03,1.23,180.6,158.6,0.6063,517.86,36.23,2,good
0.6,1.6,117.3,203.3,0.5771,513.95,40.84,1,fair
2.15,1.33,108.1,230.4,0.6032,515.61,40.35,2,good
0.6,0.7,175.5,186.7,0.7519,516.25,31.06,3,excellent
1.25,0.67,133.9,158.2,0.657,513.63,35.96,2,good
0.6,1.47,117.3,186.7,0.5596,519.71,43.19,1,fair
1.19,0.63,154.6,211.6,0.7224,513.25,34.01,2,good
0.6,0.7,182.7,103.3,0.5481,518.47,36.42,1,fair
0.6,1.09,160.9,136.7,0.4938,517.92,36.6,1,fair
0.6,0.7,160.9,136.7,0.8082,513.85,26.57,3,excellent
0.64,0.98,161.1,162.7,0.5697,518.79,37.52,1,fair
1.29,1.14,113.4,103.9,0.6757,515.13,32.42,2,good
0.6,1.6,160.9,203.3,0.3013,520.62,44.23,0,poor
1.07,1.7,153.8,98.0,0.5127,518.07,40.27,1,fair
1.74,0.81,141.5,81.9,0.4457,516.97,44.31,1,fair
1.83,0.72,117.5,128.6,0.5331,513.64,47.48,1,fair
0.6,1.47,139.1,103.3,0.5186,517.84,41.78,1,fair
0.76,0.7,124.5,220.0,0.75,512.19,31.09,2,good
0.6,1.09,124.5,203.3,0.4025,518.42,44.25,1,fair
0.6,0.83,190.0,153.3,0.6092,519.76,35.38,2,good
2.2,1.16,135.9,240.1,0.6274,516.21,37.61,2,good
0.6,0.96,124.5,186.7,0.5939,519.39,39.61,1,fair
0.76,0.83,182.7,186.7,0.6757,518.44,33.05,2,good
0.6,0.7,190.0,186.7,0.5293,520.23,36.91,1,fair
0.74,1.58,116.1,146.1,0.506,518.53,43.68,1,fair
0.6,1.34,160.9,120.0,0.3863,520.57,43.54,0,poor
0.6,0.96,110.0,220.0,0.6241,514.71,38.95,2,good
1.17,0.7,166.4,164.0,0.7185,515.12,29.37,2,good
1.89,1.53,109.2,200.7,0.8174,511.52,26.43,3,excellent
0.6,0.7,175.5,136.7,0.7563,513.9,29.33,3,excellent
0.6,0.7,131.8,120.0,0.7595,515.22,29.69,3,excellent
2.11,1.11,184.7,60.7,0.5973,516.54,38.06,1,fair
1.49,1.21,155.0,145.5,0.92,511.41,24.79,3,excellent
0.6,1.09,168.2,203.3,0.4148,520.17,40.24,1,fair
0.6,1.34,190.0,170.0,0.4561,521.81,47.25,1,fair
0.67,1.48,155.8,207.7,0.5018,517.4,36.59,1,fair
1.18,1.09,148.2,111.2,0.92,515.55,22.38,3,excellent
0.6,0.7,110.0,70.0,0.6284,516.63,37.93,2,good
1.34,0.78,112.1,119.2,0.7236,514.51,34.81,2,good
0.76,0.83,124.5,86.7,0.6791,516.42,36.25,2,good
0.76,0.83,124.5,203.3,0.7641,515.63,29.74,3,excellent
0.62,1.29,198.0,160.8,0.5775,516.75,41.26,1,fair
0.6,0.7,168.2,103.3,0.7879,514.44,27.8,3,excellent
1.57,1.37,111.0,146.5,0.6801,514.65,32.87,2,good
0.6,1.34,160.9,170.0,0.5699,520.39,41.0,1,fair
1.61,0.91,176.1,236.0,0.5778,516.69,37.36,1,fair
0.76,0.7,168.2,170.0,0.6647,514.86,27.03,2,good
0.6,1.47,146.4,70.0,0.4068,519.2,45.35,1,fair
1.0,0.6,135.7,128.5,0.7155,513.37,35.05,2,good
1.72,1.03,123.0,190.0,0.6794,511.69,38.63,2,good
2.02,1.04,188.0,145.8,0.4146,516.39,43.02,1,fair
2.19,1.32,112.9,171.3,0.6383,513.72,36.16,2,good
0.6,1.09,139.1,136.7,0.5738,515.86,38.1,1,fair
0.67,1.41,182.2,150.2,0.5324,518.29,40.23,1,fair
0.93,1.46,155.7,206.9,0.5959,520.24,36.08,1,fair
1.76,1.55,173.1,249.8,0.8366,514.86,19.66,3,excellent
0.6,0.7,182.7,136.7,0.5765,516.92,32.47,1,fair
0.6,1.34,168.2,203.3,0.5049,517.37,39.84,1,fair
1.35,1.59,194.2,212.4,0.6323,517.51,32.51,2,good
0.6,1.47,182.7,170.0,0.5561,522.69,40.31,1,fair
0.6,0.7,153.6,103.3,0.8686,514.77,27.94,3,excellent
0.6,1.6,117.3,103.3,0.499,516.67,44.43,1,fair
1.26,0.6,104.7,112.9,0.3145,516.38,52.09,0,poor
0.6,0.83,182.7,120.0,0.604,517.58,39.54,2,good
0.6,0.83,124.5,153.3,0.6766,515.8,35.43,2,good
0.76,0.83,110.0,203.3,0.8158,515.63,28.31,3,excellent
0.6,1.09,117.3,120.0,0.6529,516.38,39.01,2,good
1.57,0.72,157.8,152.0,0.4164,515.01,46.08,1,fair
0.76,0.83,153.6,103.3,0.92,516.77,22.01,3,excellent
0.75,1.71,149.9,153.7,0.4747,518.72,39.57,1,fair
2.02,0.97,138.1,62.3,0.4406,515.3,47.11,1,fair
0.96,0.78,160.0,163.2,0.7436,516.96,27.17,2,good
1.5,1.71,101.0,96.0,0.5155,515.45,38.97,1,fair
0.6,0.7,110.0,220.0,0.7165,514.78,30.25,2,good
0.6,1.09,168.2,220.0,0.4946,521.41,38.49,1,fair
0.6,1.34,182.7,203.3,0.4166,520.66,48.86,1,fair
0.6,0.96,117.3,153.3,0.5952,515.99,36.87,1,fair
0.6,1.6,139.1,103.3,0.395,519.16,43.86,0,poor
0.6,1.09,124.5,220.0,0.6445,521.13,38.41,2,good
0.6,1.6,153.6,203.3,0.4126,522.24,46.93,1,fair
0.6,1.6,168.2,136.7,0.4917,519.39,43.0,1,fair
0.97,0.72,160.7,150.6,0.92,513.59,17.64,3,excellent
2.02,1.79,112.5,122.4,0.71,513.38,31.2,2,good
0.6,1.09,182.7,70.0,0.501,517.86,41.26,1,fair
0.62,1.09,148.5,148.9,0.5711,516.33,39.08,1,fair
1.82,0.8,168.6,156.3,0.4716,515.02,47.39,1,fair
0.76,0.83,168.2,203.3,0.92,513.64,24.87,3,excellent
0.6,1.6,190.0,203.3,0.5481,518.6,43.16,1,fair
0.6,1.21,124.5,86.7,0.4602,517.45,44.48,1,fair
0.6,1.47,117.3,220.0,0.5993,518.2,42.05,1,fair
0.55,1.6,120.5,102.2,0.5103,518.44,47.76,1,fair
0.6,1.6,124.5,203.3,0.4889,517.05,48.09,1,fair
0.6,1.47,117.3,86.7,0.4343,518.72,47.2,1,fair
0.6,1.21,146.4,220.0,0.482,517.58,41.18,1,fair
2.13,1.51,147.6,155.6,0.92,513.66,24.46,3,excellent
0.6,1.34,175.5,186.7,0.5871,517.54,37.29,1,fair
1.64,1.7,198.2,107.0,0.5728,517.77,39.19,1,fair
0.86,1.12,137.5,106.1,0.7392,514.05,27.52,2,good
0.76,0.83,153.6,153.3,0.8862,515.08,26.1,3,excellent
0.76,0.7,160.9,86.7,0.849,515.28,22.85,3,excellent
0.6,1.09,117.3,103.3,0.6196,519.86,42.24,2,good
0.6,1.34,153.6,186.7,0.6347,518.27,33.65,2,good
1.28,1.18,129.6,95.3,0.7776,516.7,28.19,3,excellent
0.6,0.96,190.0,186.7,0.3995,519.9,46.03,0,poor
0.76,0.7,110.0,186.7,0.7772,515.14,29.54,3,excellent
0.6,1.47,153.6,120.0,0.6293,517.12,36.19,2,good
0.6,1.47,117.3,153.3,0.608,516.43,41.84,2,good
0.76,0.7,160.9,153.3,0.9076,515.52,19.54,3,excellent
0.76,0.7,117.3,70.0,0.6587,519.1,31.58,2,good
0.69,1.49,119.5,105.5,0.5683,516.35,40.96,1,fair
0.69,0.78,111.5,82.5,0.709,514.55,34.18,2,good
1.03,1.52,197.8,83.1,0.3529,520.98,48.45,0,poor
1.83,1.32,135.2,135.3,0.92,513.56,26.56,3,excellent
1.79,1.53,126.5,166.8,0.8094,517.1,25.19,3,excellent
0.72,1.77,172.4,112.4,0.4686,520.07,44.79,1,fair
0.75,1.74,146.7,206.5,0.4522,518.68,41.79,1,fair
1.64,1.69,121.5,96.4,0.7016,513.15,30.12,2,good
1.96,1.78,125.8,126.7,0.8307,513.66,28.38,3,excellent
0.6,1.6,139.1,153.3,0.5676,520.87,41.05,1,fair
0.6,0.7,160.9,220.0,0.6373,517.64,30.78,2,good
0.76,0.83,175.5,103.3,0.8047,515.59,28.71,3,excellent
0.6,1.47,175.5,136.7,0.5711,520.92,38.62,1,fair
1.55,1.77,174.3,129.6,0.707,514.48,31.17,2,good
0.6,1.34,160.9,86.7,0.563,519.93,38.47,1,fair
0.53,1.09,141.9,240.7,0.5808,519.44,39.9,1,fair
0.6,0.7,146.4,186.7,0.7079,517.01,32.69,2,good
0.6,0.83,117.3,120.0,0.7769,512.71,31.59,3,excellent
0.76,0.83,153.6,70.0,0.8105,515.76,24.0,3,excellent
0.6,1.6,175.5,120.0,0.6274,518.45,43.2,2,good
1.59,1.64,196.9,125.8,0.5599,519.99,39.67,1,fair
0.6,1.47,182.7,120.0,0.4471,518.18,45.59,1,fair
1.47,0.71,144.2,128.1,0.7094,512.17,33.26,2,good
0.6,1.21,124.5,136.7,0.5575,518.4,42.31,1,fair
1.19,0.97,100.0,163.6,0.5641,514.0,38.85,1,fair
0.6,0.96,182.7,186.7,0.5398,518.56,39.16,1,fair
0.6,1.09,124.5,170.0,0.5735,515.96,38.95,1,fair
0.76,0.7,153.6,136.7,0.9079,515.49,23.38,3,excellent
0.6,1.6,146.4,136.7,0.6944,515.9,38.0,2,good
0.6,1.47,182.7,203.3,0.5636,519.21,40.76,1,fair
0.84,1.25,122.8,61.5,0.6302,513.55,43.57,2,good
0.6,1.09,190.0,153.3,0.5477,515.93,41.33,1,fair
0.55,0.67,101.7,137.7,0.521,518.16,41.34,1,fair
1.88,1.28,163.6,116.0,0.92,513.25,20.88,3,excellent
0.53,0.99,100.8,186.1,0.4211,517.92,46.17,1,fair
0.6,1.34,146.4,103.3,0.4912,518.43,40.96,1,fair
0.6,0.83,146.4,103.3,0.6705,516.32,34.53,2,good
0.76,0.83,153.6,220.0,0.8919,511.1,25.11,3,excellent
0.6,0.7,131.8,203.3,0.6291,514.48,32.77,2,good
0.6,1.34,190.0,120.0,0.4967,519.44,40.27,1,fair
0.6,0.7,175.5,70.0,0.6266,520.65,34.82,2,good
1.32,0.76,178.6,157.0,0.5099,515.8,43.96,1,fair
2.02,1.61,146.0,155.0,0.8975,513.38,21.69,3,excellent
0.6,1.6,131.8,153.3,0.5136,517.65,41.96,1,fair
1.25,1.61,113.8,90.9,0.6248,515.59,38.58,2,good
1.61,0.78,132.1,134.6,0.6023,515.75,39.67,2,good
0.76,0.83,117.3,120.0,0.7298,514.56,31.0,2,good
0.76,0.83,160.9,153.3,0.92,512.49,25.04,3,excellent
2.14,1.6,142.5,209.2,0.8493,515.09,23.87,3,excellent
1.17,1.49,146.9,193.0,0.6908,516.28,31.45,2,good
0.6,1.21,117.3,220.0,0.4232,519.04,45.77,1,fair
0.6,0.96,175.5,203.3,0.4359,518.51,42.27,1,fair
0.76,0.83,182.7,203.3,0.4865,517.86,39.3,1,fair
0.6,0.7,124.5,203.3,0.6239,516.37,33.42,2,good
1.74,1.18,128.3,243.6,0.6415,516.38,33.97,2,good
1.56,0.65,126.6,225.0,0.4123,516.78,47.55,1,fair
0.99,1.06,144.9,209.3,0.8153,514.44,32.22,3,excellent
0.6,1.6,182.7,153.3,0.4901,518.79,44.88,1,fair
0.6,0.83,139.1,220.0,0.6981,516.0,32.81,2,good
0.76,1.11,142.3,237.7,0.6087,518.08,36.23,2,good
0.76,0.83,190.0,186.7,0.6845,517.17,31.5,2,good
0.77,1.12,172.9,166.3,0.5627,521.89,37.98,1,fair
2.05,0.81,198.2,94.3,0.5814,515.33,48.95,1,fair
0.6,1.6,160.9,103.3,0.6621,519.26,35.23,2,good
0.6,1.21,117.3,86.7,0.4822,514.76,45.07,1,fair
0.6,1.6,190.0,120.0,0.428,518.55,49.3,1,fair
0.76,0.83,117.3,186.7,0.764,514.94,33.21,3,excellent
0.76,0.7,160.9,103.3,0.92,516.0,23.1,3,excellent
0.6,1.21,182.7,186.7,0.4874,518.42,41.77,1,fair
0.6,1.47,131.8,70.0,0.4907,515.23,41.6,1,fair
0.6,1.34,146.4,186.7,0.5501,519.82,40.87,1,fair
0.6,0.83,190.0,136.7,0.4782,518.13,41.43,1,fair
0.6,1.47,117.3,103.3,0.5051,519.64,44.88,1,fair
2.16,0.85,113.8,217.4,0.3929,512.54,50.94,0,poor
0.87,0.63,187.7,224.5,0.7692,518.87,30.19,3,excellent
0.76,0.83,160.9,170.0,0.8996,513.03,24.94,3,excellent
0.71,0.92,155.6,67.9,0.7647,515.83,28.72,3,excellent
2.06,1.12,184.8,120.6,0.3444,518.5,46.17,0,poor
1.07,1.62,108.1,129.3,0.5954,514.33,42.64,1,fair
0.6,1.6,175.5,136.7,0.3244,520.47,48.05,0,poor
1.15,1.71,114.8,235.4,0.56,519.27,39.0,1,fair
0.76,0.7,182.7,153.3,0.742,515.85,27.93,2,good
0.6,0.7,182.7,203.3,0.6181,516.92,36.91,2,good
1.76,0.74,171.7,247.3,0.5686,515.86,45.48,1,fair
0.6,1.21,168.2,203.3,0.6276,519.94,37.3,2,good
0.76,0.83,168.2,186.7,0.7042,516.5,26.82,2,good
0.76,0.83,175.5,136.7,0.7723,517.5,26.76,3,excellent
0.6,1.6,146.4,70.0,0.4938,517.59,41.37,1,fair
0.6,1.6,182.7,186.7,0.5125,516.45,42.53,1,fair
0.76,0.7,168.2,203.3,0.812,514.48,23.02,3,excellent
1.06,1.01,118.3,238.7,0.7918,516.4,31.34,3,excellent
1.61,1.3,178.5,244.6,0.8416,513.8,23.02,3,excellent
1.43,0.6,161.1,247.7,0.5032,515.65,43.72,1,fair
0.6,1.6,139.1,136.7,0.5459,520.0,40.8,1,fair
1.91,0.71,179.0,204.0,0.3923,515.55,52.49,0,poor
0.6,1.6,117.3,70.0,0.4348,520.99,46.07,1,fair
0.6,1.47,117.3,136.7,0.4888,518.08,46.25,1,fair
0.6,1.34,190.0,186.7,0.4581,519.47,45.1,1,fair
0.6,1.09,175.5,136.7,0.6277,518.64,38.6,2,good
0.6,0.96,124.5,136.7,0.5835,515.16,35.37,1,fair
0.6,0.7,160.9,153.3,0.8581,514.47,22.55,3,excellent
1.47,0.71,105.5,150.5,0.4643,513.51,44.69,1,fair
0.6,1.09,168.2,136.7,0.4887,517.19,39.04,1,fair
0.6,1.09,131.8,153.3,0.5554,521.52,40.75,1,fair
0.6,0.83,146.4,170.0,0.6663,517.38,34.89,2,good
0.76,0.7,168.2,103.3,0.918,514.29,22.99,3,excellent
0.63,1.02,172.8,205.3,0.4757,519.16,37.01,1,fair
1.93,1.21,140.5,154.8,0.8043,510.6,27.79,3,excellent
0.91,0.94,142.1,92.1,0.9194,511.39,27.46,3,excellent
0.6,1.21,190.0,153.3,0.5265,517.9,40.25,1,fair
0.6,0.7,153.6,86.7,0.892,515.7,21.72,3,excellent
0.79,1.01,138.6,127.0,0.8161,517.19,31.56,3,excellent
0.6,1.6,131.8,103.3,0.5138,517.18,44.32,1,fair
0.72,1.77,135.6,63.2,0.4991,517.5,45.26,1,fair
1.03,1.66,166.7,203.7,0.5082,517.27,41.51,1,fair
0.6,0.96,131.8,203.3,0.6833,516.02,31.66,2,good
0.6,0.7,131.8,170.0,0.6582,515.65,32.9,2,good
1.13,1.61,133.7,244.2,0.6078,514.73,37.22,2,good
0.6,1.34,153.6,103.3,0.5691,517.81,44.29,1,fair
1.3,0.84,120.2,161.3,0.7619,513.96,30.83,3,excellent
1.16,1.32,119.3,145.7,0.92,512.14,23.67,3,excellent
0.76,0.7,117.3,186.7,0.86,512.05,29.48,3,excellent
1.91,1.4,193.0,223.2,0.7286,513.98,29.65,2,good
0.6,1.47,117.3,203.3,0.5358,517.83,42.84,1,fair
0.6,0.83,160.9,86.7,0.847,514.18,26.67,3,excellent
0.6,1.6,160.9,220.0,0.4582,519.23,44.44,1,fair
0.6,1.09,175.5,170.0,0.6009,519.16,36.15,2,good
0.6,1.34,160.9,153.3,0.5204,520.31,38.06,1,fair
0.6,1.47,139.1,70.0,0.4406,519.08,45.46,1,fair
1.14,1.54,165.6,145.0,0.8527,516.82,27.67,3,excellent
1.47,1.53,172.6,199.9,0.7251,517.29,31.66,2,good
0.6,1.47,110.0,203.3,0.5943,514.7,43.35,1,fair
0.6,1.09,146.4,103.3,0.5533,518.3,39.53,1,fair
0.76,0.83,117.3,203.3,0.7391,514.64,33.18,2,good
0.6,1.47,182.7,153.3,0.3321,518.1,47.5,0,poor
1.37,0.84,122.3,98.4,0.6875,514.57,35.24,2,good
0.6,1.34,117.3,170.0,0.4198,517.65,46.47,1,fair
0.6,0.7,190.0,136.7,0.7629,514.13,29.69,3,excellent
0.6,1.09,146.4,186.7,0.5999,517.43,35.0,1,fair
1.5,1.03,100.4,155.9,0.5573,514.6,42.07,1,fair
0.76,0.7,110.0,220.0,0.7974,513.7,31.57,3,excellent
0.6,1.34,110.0,136.7,0.5376,519.3,41.4,1,fair
2.02,1.26,155.5,99.8,0.8433,514.39,27.6,3,excellent
0.6,0.7,168.2,220.0,0.6089,516.35,34.42,2,good
0.6,1.6,110.0,203.3,0.4651,516.74,47.68,1,fair
0.78,1.55,165.4,247.6,0.6042,515.45,39.01,2,good
0.8,0.65,164.0,208.9,0.8834,515.61,19.64,3,excellent
0.6,1.47,131.8,120.0,0.48,520.66,44.39,1,fair
0.6,1.21,117.3,203.3,0.4913,518.42,42.76,1,fair
0.72,1.32,150.8,247.8,0.4765,516.79,40.14,1,fair
1.25,0.88,185.5,198.3,0.7488,515.07,31.09,2,good
0.6,0.7,117.3,86.7,0.6349,517.4,37.52,2,good
0.6,1.09,131.8,170.0,0.5804,514.57,42.65,1,fair
0.6,0.96,139.1,136.7,0.7508,515.7,31.9,3,excellent
0.76,0.7,182.7,170.0,0.7327,517.41,27.13,2,good
0.76,0.83,190.0,86.7,0.4028,518.77,37.54,1,fair
0.52,0.69,109.5,120.9,0.5328,519.63,40.91,1,fair
0.6,1.34,175.5,70.0,0.4071,520.33,46.22,1,fair
1.57,0.68,136.3,221.6,0.48,514.08,46.41,1,fair
1.04,1.12,161.4,237.4,0.8102,515.86,24.86,3,excellent
0.6,1.34,168.2,220.0,0.6557,518.86,31.38,2,good
0.6,1.6,117.3,86.7,0.4902,515.0,44.94,1,fair
0.6,0.83,131.8,220.0,0.7161,516.75,32.11,2,good
0.6,1.6,146.4,153.3,0.5174,518.84,40.33,1,fair
1.0,1.75,149.0,242.1,0.387,518.49,42.13,0,poor
0.6,0.96,117.3,186.7,0.5165,517.11,41.59,1,fair
0.6,0.96,175.5,153.3,0.5131,519.84,42.39,1,fair
0.91,1.8,159.5,211.0,0.4551,517.82,41.14,1,fair
0.76,0.7,160.9,220.0,0.92,514.17,17.3,3,excellent
0.6,1.21,131.8,153.3,0.4072,519.68,44.86,1,fair
1.2,1.62,123.7,166.7,0.8577,515.82,27.26,3,excellent
0.76,0.7,146.4,153.3,0.92,513.47,20.09,3,excellent
0.6,1.47,139.1,203.3,0.6737,515.23,36.21,2,good
0.88,0.63,116.5,76.4,0.7681,515.54,31.17,3,excellent
0.6,1.47,139.1,86.7,0.5301,518.14,42.34,1,fair
0.98,1.79,154.6,126.7,0.5743,516.68,41.05,1,fair
1.69,1.77,199.7,186.0,0.5109,520.51,36.54,1,fair
1.18,1.04,105.3,69.8,0.6081,514.76,37.3,2,good
1.42,1.29,150.6,150.3,0.92,512.85,22.19,3,excellent
0.6,1.21,139.1,86.7,0.4316,520.16,45.72,1,fair
0.6,0.7,124.5,103.3,0.6113,516.44,34.72,2,good
0.6,0.96,190.0,170.0,0.6057,518.48,36.95,2,good
1.75,1.34,160.7,61.7,0.8954,513.69,21.69,3,excellent
1.33,1.53,102.8,87.0,0.4904,514.53,40.71,1,fair
2.13,0.64,151.5,124.8,0.5798,515.97,56.09,1,fair
0.6,0.96,182.7,70.0,0.6092,516.16,36.24,2,good
0.6,1.09,160.9,86.7,0.6293,519.91,34.69,2,good
0.6,1.09,190.0,120.0,0.4178,520.81,46.0,1,fair
0.6,0.83,175.5,186.7,0.7135,517.26,35.81,2,good
0.6,1.6,160.9,86.7,0.4046,518.85,43.08,1,fair
0.95,1.56,178.5,207.2,0.3763,518.68,45.83,0,poor
1.66,1.11,173.5,97.4,0.7998,513.38,30.09,3,excellent
0.76,0.7,146.4,86.7,0.92,517.45,23.01,3,excellent
2.13,0.9,156.3,141.2,0.6479,514.82,40.25,2,good
0.6,0.7,175.5,120.0,0.5951,517.35,38.22,1,fair
0.76,0.7,139.1,203.3,0.8726,514.91,25.97,3,excellent
0.76,0.7,190.0,70.0,0.7107,516.51,32.04,2,good
0.76,0.83,117.3,103.3,0.6431,518.03,35.41,2,good
2.1,1.59,102.2,114.3,0.537,517.95,39.39,1,fair
1.09,0.73,145.5,192.1,0.92,513.91,27.95,3,excellent
0.6,1.34,175.5,170.0,0.4137,523.78,41.99,1,fair
1.0,0.86,109.8,88.8,0.6159,515.57,31.83,2,good
0.76,0.7,131.8,170.0,0.92,511.29,22.47,3,excellent
0.6,0.83,131.8,120.0,0.7795,514.19,31.75,3,excellent
0.76,0.83,117.3,220.0,0.8478,513.51,30.27,3,excellent
2.09,1.57,170.5,122.0,0.6145,519.38,28.62,2,good
1.91,1.3,171.2,88.7,0.7767,514.06,27.51,3,excellent
0.6,1.47,153.6,220.0,0.2244,519.38,50.02,0,poor
0.6,1.21,182.7,70.0,0.4285,521.36,45.7,1,fair
0.6,1.34,182.7,120.0,0.4523,521.15,44.84,1,fair
2.0,0.93,160.1,159.3,0.5792,512.21,41.57,1,fair
1.95,0.69,138.3,119.0,0.5332,513.4,48.37,1,fair
2.14,0.98,136.0,195.0,0.5763,515.61,45.19,1,fair
0.68,1.67,110.6,70.7,0.4429,517.57,47.75,1,fair
0.6,1.21,110.0,186.7,0.4986,519.13,42.94,1,fair
0.6,1.21,160.9,220.0,0.5666,517.9,38.14,1,fair
0.76,0.83,153.6,86.7,0.92,516.22,24.06,3,excellent
0.76,0.83,131.8,220.0,0.8089,513.88,26.27,3,excellent
0.6,1.47,168.2,86.7,0.5457,519.99,41.1,1,fair
0.6,1.21,131.8,103.3,0.452,519.94,45.56,1,fair
0.6,1.34,131.8,120.0,0.5342,516.54,41.89,1,fair
1.83,1.3,194.3,161.8,0.5827,514.63,35.04,1,fair
1.23,1.16,131.0,72.4,0.92,510.54,25.6,3,excellent
0.58,1.51,166.4,150.5,0.4075,518.08,45.94,1,fair
0.76,0.83,160.9,70.0,0.8113,514.48,26.23,3,excellent
0.6,1.47,160.9,70.0,0.5061,520.28,44.38,1,fair
0.6,0.7,190.0,170.0,0.575,519.35,35.38,1,fair
0.6,1.47,124.5,70.0,0.4374,518.65,44.51,1,fair
1.3,0.74,107.3,210.8,0.5355,517.19,43.4,1,fair
0.76,0.83,110.0,86.7,0.6738,513.0,35.55,2,good
0.6,1.47,190.0,70.0,0.4636,518.72,40.67,1,fair
0.6,0.7,190.0,220.0,0.6126,516.84,37.23,2,good
0.6,1.34,146.4,170.0,0.5671,517.78,40.52,1,fair
2.07,0.89,133.1,115.8,0.4572,514.45,47.49,1,fair
0.6,1.34,131.8,153.3,0.6036,516.32,37.81,2,good
0.6,1.09,110.0,220.0,0.3409,519.78,49.23,0,poor
0.6,0.96,124.5,203.3,0.4826,519.65,44.39,1,fair
0.6,1.34,146.4,153.3,0.576,516.83,36.9,1,fair
0.6,1.6,175.5,153.3,0.6211,518.22,37.08,2,good
0.6,1.47,182.7,103.3,0.6556,516.28,34.58,2,good
0.6,1.6,124.5,170.0,0.5169,519.25,45.18,1,fair
0.6,0.7,139.1,170.0,0.6755,514.17,29.42,2,good
1.04,1.53,173.1,68.1,0.5835,517.38,36.86,1,fair
1.04,1.27,182.6,216.4,0.7047,514.82,30.59,2,good
0.76,0.7,131.8,86.7,0.7988,516.06,29.54,3,excellent
0.6,1.6,131.8,170.0,0.3961,518.08,49.4,0,poor
0.6,1.47,146.4,120.0,0.5731,516.43,41.31,1,fair
0.67,1.25,100.4,213.3,0.3943,517.09,42.39,0,poor
2.17,1.56,152.6,100.4,0.92,512.01,22.34,3,excellent
0.6,0.7,110.0,136.7,0.5563,516.01,39.28,1,fair
0.76,0.7,139.1,120.0,0.92,514.64,22.63,3,excellent
0.94,1.06,139.0,204.8,0.7993,515.26,24.76,3,excellent
0.6,0.96,124.5,120.0,0.5309,516.15,39.48,1,fair
0.6,1.54,196.3,108.8,0.4654,520.59,43.58,1,fair
2.2,1.49,124.6,117.3,0.6933,513.68,35.74,2,good
0.6,1.09,168.2,120.0,0.6961,518.27,34.15,2,good
0.76,0.7,139.1,103.3,0.92,511.98,20.23,3,excellent
0.76,0.7,190.0,186.7,0.6254,514.75,34.49,2,good
0.6,1.47,190.0,186.7,0.4605,519.6,47.31,1,fair
1.95,0.84,192.0,212.2,0.4892,516.12,44.92,1,fair
0.6,0.96,153.6,136.7,0.5937,516.88,34.31,1,fair
1.54,0.62,132.6,184.1,0.6727,511.37,43.15,2,good
1.44,1.52,112.3,232.1,0.7547,516.18,31.75,3,excellent
0.6,0.96,160.9,120.0,0.519,519.1,38.42,1,fair
0.6,0.83,124.5,220.0,0.5621,515.6,42.11,1,fair
0.76,0.83,153.6,203.3,0.8865,516.24,24.01,3,excellent
0.94,0.85,119.3,112.3,0.8261,515.83,29.76,3,excellent
0.6,1.21,175.5,136.7,0.4767,520.45,40.41,1,fair
0.6,0.7,146.4,70.0,0.8681,512.74,26.17,3,excellent
0.96,0.7,196.0,81.9,0.7942,512.48,25.55,3,excellent
0.6,1.47,110.0,170.0,0.5065,519.68,45.13,1,fair
0.6,1.47,190.0,120.0,0.4502,517.95,45.68,1,fair
1.04,1.09,136.3,232.2,0.8915,512.51,26.67,3,excellent
0.76,0.83,131.8,153.3,0.8325,514.73,26.66,3,excellent
0.76,0.83,168.2,170.0,0.7822,515.67,27.61,3,excellent
0.6,1.09,190.0,70.0,0.4733,520.47,39.78,1,fair
0.76,0.7,117.3,86.7,0.62,514.15,35.96,2,good
0.6,1.34,146.4,120.0,0.608,516.58,34.19,2,good
0.6,1.09,131.8,220.0,0.596,519.07,37.76,1,fair
0.6,1.21,131.8,86.7,0.3922,518.34,45.76,0,poor
0.6,0.96,168.2,70.0,0.6486,517.27,32.82,2,good
0.6,0.7,117.3,220.0,0.8343,513.61,30.16,3,excellent
0.6,1.34,168.2,136.7,0.4278,518.39,44.44,1,fair
0.6,0.7,131.8,153.3,0.8099,516.14,25.8,3,excellent
0.6,1.6,153.6,103.3,0.6217,518.7,41.2,2,good
1.6,1.13,102.4,235.2,0.6838,514.36,34.28,2,good
0.6,1.47,182.7,186.7,0.6396,518.34,39.47,2,good
0.75,1.41,112.9,176.6,0.5159,519.53,45.46,1,fair
0.6,1.09,139.1,186.7,0.6385,519.44,36.69,2,good
0.6,1.6,168.2,70.0,0.5355,518.05,38.25,1,fair
0.6,1.21,146.4,186.7,0.448,517.88,42.96,1,fair
0.6,1.47,131.8,203.3,0.3472,518.62,42.66,0,poor
2.13,1.04,185.2,143.6,0.5577,518.34,39.17,1,fair
0.76,0.7,182.7,103.3,0.7901,515.64,26.27,3,excellent
0.76,0.83,190.0,220.0,0.5751,518.37,38.32,1,fair
0.6,0.96,110.0,153.3,0.6464,518.23,37.35,2,good
2.11,1.22,183.4,172.4,0.4621,519.14,42.84,1,fair
0.76,0.83,139.1,186.7,0.92,514.89,25.96,3,excellent
0.6,1.47,153.6,136.7,0.4931,516.88,42.53,1,fair
1.37,1.75,187.9,243.8,0.5555,518.24,38.96,1,fair
0.6,1.21,110.0,220.0,0.4139,521.1,46.98,1,fair
0.6,0.83,131.8,136.7,0.7227,515.98,32.12,2,good
0.76,0.7,110.0,86.7,0.6158,517.72,38.28,2,good
0.6,1.6,117.3,120.0,0.3894,517.43,46.54,0,poor
2.03,1.25,138.8,93.3,0.7472,512.33,35.1,2,good
0.6,1.34,124.5,153.3,0.5579,518.41,42.47,1,fair
0.6,1.34,168.2,153.3,0.437,523.51,42.01,1,fair
1.7,1.19,169.9,200.3,0.8628,515.19,26.85,3,excellent
0.6,1.21,168.2,220.0,0.4192,517.81,47.59,1,fair
1.88,0.88,102.4,89.5,0.38,516.76,54.73,0,poor
0.6,0.7,117.3,186.7,0.7969,515.78,34.93,3,excellent
0.6,0.83,110.0,186.7,0.6993,515.91,36.42,2,good
1.85,1.27,169.7,218.9,0.7524,514.01,35.75,3,excellent
1.07,1.08,107.9,77.5,0.6962,516.31,33.9,2,good
1.99,1.68,104.2,120.2,0.4415,517.27,41.7,1,fair
0.6,1.6,168.2,186.7,0.507,519.08,40.91,1,fair
0.76,0.7,124.5,70.0,0.4967,516.76,34.21,1,fair
1.83,1.49,142.5,106.4,0.92,510.49,21.15,3,excellent
0.6,0.83,160.9,70.0,0.8624,512.83,25.62,3,excellent
0.76,0.83,146.4,220.0,0.92,512.21,24.28,3,excellent
0.76,0.7,131.8,103.3,0.92,511.02,21.32,3,excellent
2.04,1.16,117.4,150.5,0.5599,515.49,38.17,1,fair
1.01,1.44,197.2,79.0,0.638,518.15,39.83,2,good
0.6,1.34,110.0,170.0,0.5201,516.06,41.11,1,fair
0.6,0.83,153.6,70.0,0.7485,513.86,30.28,2,good
0.6,0.96,153.6,86.7,0.5414,518.67,37.29,1,fair
0.6,1.21,117.3,170.0,0.4698,519.83,42.56,1,fair
0.6,0.69,196.5,125.8,0.8017,515.03,31.31,3,excellent
1.21,1.79,102.0,129.8,0.5644,515.57,44.53,1,fair
2.1,1.54,170.4,208.3,0.6283,514.08,31.83,2,good
2.11,1.46,190.9,77.6,0.7312,518.55,29.99,2,good
0.6,1.21,131.8,186.7,0.4382,518.44,45.82,1,fair
1.85,0.8,106.1,168.2,0.5071,513.08,46.82,1,fair
0.76,0.7,182.7,220.0,0.7126,516.12,29.75,2,good
0.6,1.09,190.0,170.0,0.5302,516.73,40.87,1,fair
0.6,0.83,131.8,186.7,0.733,516.07,33.23,2,good
2.09,1.75,161.4,205.7,0.8082,514.37,23.51,3,excellent
0.76,0.83,190.0,153.3,0.7209,515.89,33.65,2,good
0.6,0.7,117.3,170.0,0.6611,516.96,35.27,2,good
1.14,1.53,126.2,125.6,0.744,517.46,32.14,2,good
0.76,0.7,190.0,103.3,0.7429,515.91,30.91,2,good
2.12,1.42,130.8,142.8,0.854,512.98,25.26,3,excellent
0.6,1.21,153.6,170.0,0.6499,519.32,37.42,2,good
2.15,0.84,137.6,194.5,0.5828,515.16,47.29,1,fair
0.6,1.34,146.4,203.3,0.5409,518.97,37.65,1,fair
0.84,1.02,164.7,113.0,0.847,513.82,27.19,3,excellent
0.76,0.7,146.4,220.0,0.92,513.23,20.66,3,excellent
1.43,1.13,198.2,99.5,0.6604,517.97,33.44,2,good
1.04,1.16,181.6,81.2,0.8266,516.97,28.66,3,excellent
0.6,1.6,190.0,220.0,0.5012,519.58,42.74,1,fair
0.73,1.48,170.5,84.5,0.6367,515.97,37.68,2,good
0.6,0.96,139.1,120.0,0.6574,517.59,35.7,2,good
0.6,1.47,160.9,186.7,0.4929,522.16,39.0,1,fair
0.99,1.4,182.4,144.1,0.6014,517.84,37.09,2,good
0.6,0.83,182.7,153.3,0.705,517.52,35.75,2,good
0.6,0.7,124.5,170.0,0.767,511.8,32.84,3,excellent
1.58,0.9,104.5,69.4,0.4963,513.97,46.4,1,fair
0.6,1.09,160.9,186.7,0.3686,520.95,39.57,0,poor
2.0,0.85,106.0,93.4,0.42,517.38,50.89,1,fair
1.5,0.85,177.8,151.6,0.6402,517.32,35.46,2,good
0.6,0.83,182.7,220.0,0.6397,518.13,32.44,2,good
0.6,0.7,131.8,186.7,0.6325,517.11,37.89,2,good
0.6,1.47,124.5,220.0,0.6344,515.14,40.33,2,good
0.76,0.7,168.2,153.3,0.8734,513.81,21.47,3,excellent
1.28,0.94,191.4,118.0,0.8669,515.24,20.61,3,excellent
0.6,1.09,182.7,220.0,0.4411,517.67,47.1,1,fair
1.69,1.02,150.1,134.7,0.749,514.8,27.57,2,good
1.05,1.56,120.2,68.8,0.4424,516.87,44.8,1,fair
0.6,1.34,168.2,186.7,0.6273,518.16,39.77,2,good
0.7,1.55,160.3,121.5,0.5869,519.14,38.74,1,fair
0.6,1.34,131.8,220.0,0.3542,517.62,50.76,0,poor
1.94,0.65,162.4,219.3,0.5264,516.27,48.2,1,fair
1.85,1.18,143.0,166.0,0.787,513.83,29.04,3,excellent
0.76,0.83,160.9,203.3,0.9166,515.04,22.96,3,excellent
0.86,0.79,157.9,127.9,0.92,517.24,17.21,3,excellent
0.72,1.65,155.4,114.6,0.6748,517.59,37.09,2,good
1.18,1.41,189.3,212.1,0.5342,519.82,37.6,1,fair
0.77,0.92,126.6,192.9,0.6788,513.44,35.02,2,good
1.94,1.6,125.0,212.3,0.7667,514.03,27.26,3,excellent
0.6,1.47,168.2,70.0,0.4628,522.23,42.96,1,fair
0.93,1.07,198.2,160.0,0.5566,516.69,35.73,1,fair
0.6,0.83,139.1,70.0,0.7459,515.32,30.01,2,good
0.6,1.6,190.0,170.0,0.4454,518.38,45.75,1,fair
0.76,0.83,182.7,170.0,0.7395,516.6,29.61,2,good
0.6,1.47,182.7,86.7,0.3682,518.36,47.67,0,poor
0.83,0.81,147.5,219.7,0.816,515.5,24.98,3,excellent
0.6,1.6,131.8,186.7,0.4883,518.79,43.7,1,fair
0.6,1.6,160.9,120.0,0.5857,520.67,37.76,1,fair
0.6,0.83,131.8,103.3,0.7571,514.91,35.71,3,excellent
1.98,1.2,149.2,234.7,0.6879,515.13,35.22,2,good
0.55,1.74,164.8,246.6,0.5331,520.65,39.05,1,fair
0.6,1.21,124.5,220.0,0.5711,517.58,40.51,1,fair
0.76,0.83,146.4,153.3,0.92,514.37,21.55,3,excellent
0.71,0.68,184.6,247.8,0.7973,515.18,28.98,3,excellent
0.52,0.71,129.7,83.7,0.591,515.81,34.24,1,fair
0.6,0.7,182.7,120.0,0.7457,518.83,30.88,2,good
2.12,0.92,158.5,113.4,0.5449,510.0,41.72,1,fair
0.93,1.63,133.9,186.7,0.648,516.49,37.23,2,good
0.6,1.21,182.7,170.0,0.6114,519.68,36.69,2,good
0.66,1.46,136.5,115.7,0.4657,519.52,43.08,1,fair
0.76,0.83,153.6,120.0,0.92,514.55,26.45,3,excellent
0.6,0.7,146.4,120.0,0.8243,517.86,26.41,3,excellent
0.6,0.83,131.8,86.7,0.5265,515.83,40.31,1,fair
0.6,1.09,139.1,120.0,0.4536,520.98,42.86,1,fair
1.26,1.71,113.9,165.7,0.7315,515.71,34.19,2,good
0.6,0.83,168.2,186.7,0.6094,519.5,35.12,2,good
1.32,1.19,175.8,84.5,0.7036,517.54,28.1,2,good
0.76,0.83,139.1,103.3,0.92,517.7,24.39,3,excellent
0.7,1.53,142.9,113.8,0.5648,517.36,38.61,1,fair
0.6,0.7,110.0,203.3,0.6965,516.71,33.14,2,good
0.76,0.7,146.4,136.7,0.92,511.66,23.5,3,excellent
1.75,0.7,118.7,116.0,0.5522,513.06,49.24,1,fair
0.76,0.7,182.7,70.0,0.7233,515.81,30.98,2,good
0.6,1.09,175.5,103.3,0.6071,516.0,33.37,2,good
0.6,0.96,117.3,120.0,0.6709,515.81,37.81,2,good
1.0,1.17,141.4,97.9,0.624,519.37,32.62,2,good
0.6,1.6,146.4,170.0,0.6098,514.1,39.1,2,good
1.22,0.81,184.4,170.3,0.7681,516.04,32.73,3,excellent
0.6,1.6,139.1,70.0,0.5031,518.83,43.69,1,fair
0.92,1.22,119.8,200.3,0.737,514.15,34.59,2,good
0.92,1.77,114.6,227.7,0.3929,517.35,47.07,0,poor
0.6,1.34,124.5,120.0,0.5317,516.26,43.17,1,fair
0.6,0.96,182.7,153.3,0.383,520.49,42.13,0,poor
0.72,0.96,197.5,217.1,0.5201,518.35,39.24,1,fair
0.6,0.96,124.5,103.3,0.6692,512.71,38.7,2,good
0.52,1.04,138.7,156.9,0.4891,519.84,42.26,1,fair
0.57,1.23,134.8,171.0,0.5594,516.05,40.78,1,fair
1.53,1.19,139.5,97.3,0.92,513.2,24.22,3,excellent
0.6,0.83,131.8,70.0,0.7149,515.97,30.63,2,good
0.6,1.09,190.0,103.3,0.524,521.28,41.2,1,fair
0.6,1.34,139.1,70.0,0.5825,516.38,39.89,1,fair
1.26,1.42,122.4,97.9,0.6485,516.27,30.15,2,good
1.7,1.75,151.0,223.2,0.8896,513.05,24.96,3,excellent
0.6,1.21,160.9,70.0,0.5467,517.97,37.34,1,fair
2.02,1.31,128.1,189.3,0.7039,516.9,37.09,2,good
0.6,1.6,168.2,203.3,0.4759,519.39,41.73,1,fair
0.6,1.21,110.0,203.3,0.4745,519.03,44.45,1,fair
1.33,1.06,131.5,228.8,0.92,514.05,23.2,3,excellent
0.76,0.83,175.5,86.7,0.764,516.36,28.14,3,excellent
0.6,0.83,124.5,170.0,0.7916,515.42,32.72,3,excellent
1.66,1.04,137.1,177.7,0.8758,513.04,28.83,3,excellent
0.87,1.25,114.6,247.8,0.3762,520.13,44.61,0,poor
0.6,1.09,139.1,103.3,0.4827,518.45,44.26,1,fair
0.6,1.6,190.0,136.7,0.5574,520.69,43.33,1,fair
2.16,1.36,177.8,232.1,0.6186,515.94,33.8,2,good
0.6,1.34,146.4,220.0,0.5402,519.99,39.39,1,fair
1.89,0.64,187.0,219.4,0.4813,515.76,57.21,1,fair
0.6,1.09,182.7,120.0,0.6421,518.55,37.4,2,good
0.72,1.24,104.2,161.5,0.4547,519.52,47.6,1,fair
0.6,0.83,153.6,170.0,0.6189,518.09,34.88,2,good
0.76,0.83,153.6,186.7,0.8194,514.18,27.2,3,excellent
1.0,1.29,199.7,138.3,0.6278,518.67,35.11,2,good
0.6,1.34,110.0,203.3,0.6873,515.74,41.29,2,good
0.6,0.83,124.5,120.0,0.7693,517.29,32.23,3,excellent
0.6,1.47,131.8,86.7,0.4678,517.08,46.72,1,fair
2.13,1.64,101.0,92.9,0.3755,517.77,44.04,0,poor
0.76,0.7,124.5,86.7,0.6642,514.79,32.97,2,good
0.6,0.83,160.9,186.7,0.7988,515.93,30.0,3,excellent
1.24,1.46,144.6,99.9,0.8525,513.05,25.04,3,excellent
0.6,1.6,139.1,120.0,0.4711,519.54,42.15,1,fair
0.6,0.96,131.8,220.0,0.4425,519.49,41.05,1,fair
0.6,0.96,146.4,120.0,0.5339,516.64,36.25,1,fair
1.74,1.1,165.4,79.3,0.8682,516.05,26.73,3,excellent
0.6,1.09,139.1,70.0,0.5719,518.72,39.76,1,fair
0.6,0.83,110.0,103.3,0.5498,514.2,38.71,1,fair
1.74,1.45,158.6,95.2,0.92,516.06,19.71,3,excellent
0.6,0.83,168.2,103.3,0.7255,516.29,34.67,2,good
1.96,1.75,119.7,137.0,0.8012,515.31,30.52,3,excellent
0.6,1.47,190.0,153.3,0.5822,517.1,43.51,1,fair
0.6,0.96,110.0,170.0,0.5029,513.95,43.26,1,fair
1.36,1.61,161.5,233.5,0.7035,517.26,27.02,2,good
1.3,1.48,165.2,225.9,0.7817,517.92,26.28,3,excellent
1.33,0.85,169.4,101.0,0.92,513.8,23.78,3,excellent
0.53,0.67,162.5,166.0,0.92,512.81,23.72,3,excellent
0.98,0.95,167.0,112.2,0.8599,516.18,27.48,3,excellent
0.76,0.83,160.9,120.0,0.92,514.38,24.65,3,excellent
1.71,1.09,157.0,106.8,0.92,510.89,23.12,3,excellent
1.66,0.61,110.4,187.6,0.5196,511.42,50.97,1,fair
0.6,1.09,124.5,136.7,0.4994,520.32,41.67,1,fair
1.9,0.66,155.5,84.5,0.5729,511.93,49.72,1,fair
0.6,1.6,117.3,136.7,0.5383,516.83,42.4,1,fair
1.14,1.71,130.2,149.4,0.6764,516.26,35.07,2,good
0.6,0.83,175.5,220.0,0.6619,517.67,33.97,2,good
0.6,1.34,139.1,86.7,0.6208,518.4,42.18,2,good
0.6,0.7,110.0,86.7,0.5899,518.07,36.95,1,fair
0.6,0.7,190.0,103.3,0.6821,516.02,33.1,2,good
0.6,1.34,175.5,203.3,0.3791,518.96,44.3,0,poor
0.6,1.21,158.4,177.6,0.6383,517.9,35.05,2,good
0.6,1.6,190.0,86.7,0.4208,519.81,47.51,1,fair
0.79,0.8,120.0,249.6,0.7242,512.67,34.85,2,good
1.71,1.08,167.7,214.7,0.672,512.78,32.84,2,good
1.87,1.55,141.7,225.0,0.9046,511.92,19.83,3,excellent
1.32,1.09,166.9,120.9,0.92,515.02,22.91,3,excellent
1.24,1.61,177.8,106.3,0.7194,515.44,31.57,2,good
1.93,1.61,125.2,63.1,0.6759,515.4,31.02,2,good
1.35,1.6,105.3,106.4,0.5407,516.7,38.32,1,fair
1.7,1.74,130.5,86.2,0.8916,515.52,26.02,3,excellent
0.6,1.09,168.2,86.7,0.5669,516.74,40.86,1,fair
0.84,1.71,117.2,174.5,0.4571,518.33,45.8,1,fair
0.76,0.83,146.4,170.0,0.8705,517.12,22.52,3,excellent
2.04,1.26,152.9,117.1,0.7114,516.39,28.97,2,good
1.37,0.79,139.4,148.8,0.7679,515.44,30.87,3,excellent
1.47,1.07,150.5,132.7,0.8253,515.48,24.08,3,excellent
2.06,1.34,148.4,133.7,0.8068,515.45,26.83,3,excellent
1.71,0.65,198.2,63.9,0.4083,515.7,52.7,1,fair
1.07,1.22,134.8,155.4,0.8662,514.82,28.94,3,excellent
0.6,1.34,153.6,120.0,0.5787,518.43,41.13,1,fair
1.58,1.76,196.4,202.8,0.7182,514.58,33.97,2,good
1.99,1.3,186.3,88.4,0.7786,516.27,29.34,3,excellent
0.92,0.62,194.5,66.0,0.7826,513.55,30.64,3,excellent
1.44,1.15,118.4,103.1,0.6768,515.2,29.74,2,good
0.6,0.96,160.9,186.7,0.4699,516.12,38.04,1,fair
0.6,1.34,139.1,203.3,0.5134,518.64,42.14,1,fair
0.65,0.99,137.3,224.2,0.6335,518.98,39.24,2,good
1.53,0.77,100.5,78.9,0.4566,514.82,48.87,1,fair
0.6,1.34,182.7,220.0,0.5624,518.66,41.58,1,fair
1.02,1.35,144.5,109.3,0.8108,513.25,31.12,3,excellent
1.31,1.79,168.8,73.9,0.7049,517.31,34.31,2,good
0.76,0.7,117.3,103.3,0.6922,512.56,34.78,2,good
0.6,1.34,124.5,186.7,0.6215,516.76,38.82,2,good
0.6,1.34,131.8,103.3,0.5517,515.7,39.4,1,fair
0.98,1.76,111.2,136.2,0.4789,517.39,43.62,1,fair
0.85,1.69,175.6,194.7,0.4635,521.3,44.85,1,fair
1.71,1.57,108.9,92.8,0.5256,516.0,39.16,1,fair
2.02,0.66,172.3,215.4,0.4868,514.5,54.3,1,fair
0.52,1.6,155.9,170.8,0.4432,520.69,43.78,1,fair
1.45,1.53,120.8,203.9,0.6599,516.22,35.74,2,good
1.38,0.63,190.2,64.5,0.5489,515.31,42.88,1,fair
0.73,1.46,119.3,187.1,0.5475,514.74,41.55,1,fair
1.97,1.02,196.6,182.0,0.4353,516.92,47.82,1,fair
1.53,0.88,122.9,195.2,0.7242,511.91,34.67,2,good
1.02,1.04,172.2,239.1,0.6757,514.36,30.92,2,good
2.0,1.71,153.1,210.4,0.7972,513.53,25.13,3,excellent
0.88,1.32,100.3,75.4,0.4117,520.35,47.46,1,fair
0.54,1.48,100.9,130.5,0.5793,519.09,44.64,1,fair
1.22,1.76,129.3,69.9,0.515,520.04,42.36,1,fair
0.6,1.47,160.9,153.3,0.5836,517.0,38.06,1,fair
0.6,1.34,139.1,153.3,0.4792,515.93,40.93,1,fair
0.76,0.7,146.4,103.3,0.92,515.65,21.8,3,excellent
1.98,0.93,117.0,141.1,0.3609,516.38,47.05,0,poor
0.6,1.21,160.9,170.0,0.6931,520.01,34.09,2,good
0.6,1.34,168.2,86.7,0.5894,515.69,39.13,1,fair
0.6,1.21,175.5,186.7,0.5494,516.98,36.92,1,fair
0.76,0.83,124.5,220.0,0.9119,514.89,28.99,3,excellent
2.07,0.79,155.1,183.2,0.6509,514.0,43.23,2,good
0.57,0.99,153.0,176.2,0.4718,519.77,38.76,1,fair
0.76,0.83,182.7,120.0,0.7081,516.52,30.93,2,good
0.6,1.21,139.1,136.7,0.5513,518.55,38.33,1,fair
0.76,0.7,175.5,220.0,0.675,516.37,31.78,2,good
0.6,1.21,153.6,70.0,0.5891,514.88,38.33,1,fair
0.76,0.83,190.0,136.7,0.4778,517.01,41.11,1,fair
2.17,1.07,188.2,68.2,0.4576,514.81,46.89,1,fair
0.6,1.47,124.5,203.3,0.5988,517.76,40.12,1,fair
0.59,1.74,147.1,75.8,0.5403,517.61,43.13,1,fair
1.46,0.67,168.6,119.7,0.4501,515.32,43.2,1,fair
0.6,1.21,110.0,136.7,0.5276,516.98,42.85,1,fair
0.82,0.76,178.6,231.2,0.7323,517.13,26.63,2,good
0.6,0.7,175.5,153.3,0.6521,516.72,32.52,2,good
0.76,0.7,153.6,70.0,0.92,513.63,19.06,3,excellent
0.6,1.21,168.2,120.0,0.4073,518.05,44.78,1,fair
0.62,1.29,133.0,66.9,0.5043,517.62,41.88,1,fair
0.6,1.47,124.5,103.3,0.6212,514.13,40.76,2,good
0.6,1.6,124.5,120.0,0.4426,517.86,45.36,1,fair
1.13,0.94,127.8,166.2,0.8958,513.84,21.69,3,excellent
1.29,1.49,147.2,146.9,0.92,512.63,23.9,3,excellent
0.73,0.87,133.5,145.6,0.7231,517.0,33.11,2,good
0.6,1.6,146.4,86.7,0.6209,517.51,39.05,2,good
2.16,1.01,103.5,215.0,0.4858,512.97,48.68,1,fair
0.76,0.7,160.9,203.3,0.92,515.29,22.89,3,excellent
0.6,0.83,168.2,170.0,0.7064,515.47,32.0,2,good
0.6,1.09,131.8,103.3,0.4465,518.5,43.17,1,fair
0.6,1.47,160.9,136.7,0.4841,519.22,42.44,1,fair
0.6,1.6,131.8,70.0,0.5398,518.0,42.25,1,fair
0.6,1.09,131.8,186.7,0.66,518.27,40.12,2,good
0.6,1.47,139.1,170.0,0.4766,516.39,40.72,1,fair
0.94,1.36,107.2,242.2,0.3762,517.7,50.1,0,poor
1.24,0.72,101.7,232.1,0.6357,514.92,42.54,2,good
0.76,0.7,153.6,203.3,0.908,513.63,26.75,3,excellent
1.24,1.24,189.7,69.4,0.7081,513.69,33.77,2,good
0.6,1.34,139.1,103.3,0.427,517.95,43.28,1,fair
1.61,0.97,130.5,177.2,0.8232,510.54,32.46,3,excellent
0.6,1.34,117.3,103.3,0.5273,516.44,41.86,1,fair
1.95,1.06,165.6,247.1,0.5627,516.02,39.02,1,fair
0.76,0.7,110.0,70.0,0.6386,515.58,34.87,2,good
1.08,1.36,123.1,192.1,0.7541,514.89,29.96,3,excellent
0.6,1.47,110.0,153.3,0.5766,518.81,41.81,1,fair
0.6,1.34,168.2,120.0,0.3049,519.99,46.54,0,poor
0.6,0.7,175.5,203.3,0.6846,513.54,33.14,2,good
0.6,1.47,168.2,136.7,0.4675,521.84,44.1,1,fair
0.96,1.68,186.2,76.0,0.4818,519.89,42.17,1,fair
1.81,1.52,102.8,186.1,0.5446,516.71,37.31,1,fair
0.6,1.09,139.1,170.0,0.5177,517.14,38.67,1,fair
0.6,1.21,124.5,103.3,0.4287,519.02,47.95,1,fair
0.76,0.7,190.0,86.7,0.6752,515.15,36.51,2,good
0.76,0.7,175.5,170.0,0.6744,516.87,30.38,2,good
0.6,1.6,168.2,220.0,0.3726,519.78,48.24,0,poor
0.6,1.47,146.4,220.0,0.3286,520.35,44.77,0,poor
0.6,0.83,168.2,70.0,0.8488,512.76,26.19,3,excellent
0.6,0.83,117.3,136.7,0.7849,514.25,32.86,3,excellent
0.76,0.7,175.5,86.7,0.9027,513.81,25.01,3,excellent
0.6,0.7,139.1,70.0,0.739,515.84,26.48,2,good
0.76,0.7,146.4,186.7,0.92,514.37,21.07,3,excellent
0.6,0.83,190.0,70.0,0.6406,516.16,33.91,2,good
1.32,1.74,110.9,114.1,0.4933,516.77,44.22,1,fair
2.08,1.63,199.8,190.7,0.5342,520.12,38.35,1,fair
0.6,1.09,117.3,203.3,0.6645,517.51,35.01,2,good
0.6,0.96,139.1,203.3,0.5045,517.79,38.94,1,fair
0.6,1.09,146.4,203.3,0.5312,519.14,40.98,1,fair
1.58,1.73,161.5,136.1,0.8889,512.88,26.34,3,excellent
0.6,1.09,131.8,86.7,0.5622,518.77,43.03,1,fair
0.6,1.21,190.0,103.3,0.5555,518.88,42.28,1,fair
1.43,1.5,148.8,66.8,0.92,515.1,24.65,3,excellent
0.76,0.83,168.2,103.3,0.8796,516.43,23.9,3,excellent
0.76,0.83,110.0,170.0,0.7821,512.49,33.88,3,excellent
2.14,1.62,130.4,198.0,0.7696,514.18,27.97,3,excellent
0.6,1.34,139.1,186.7,0.6062,517.92,38.9,2,good
0.76,0.83,160.9,103.3,0.9141,514.11,22.26,3,excellent
0.88,0.82,123.9,233.1,0.7786,515.46,27.23,3,excellent
0.6,1.21,139.1,70.0,0.5432,517.35,43.41,1,fair
1.62,1.69,155.0,90.8,0.92,512.44,22.53,3,excellent
0.6,0.7,153.6,136.7,0.848,513.99,24.49,3,excellent
0.93,1.73,147.6,79.0,0.5508,518.4,42.17,1,fair
0.6,0.7,117.3,136.7,0.7361,514.75,33.62,2,good
0.76,0.83,182.7,70.0,0.722,517.12,31.41,2,good
0.76,0.7,182.7,136.7,0.8578,515.71,25.42,3,excellent
0.6,1.21,117.3,103.3,0.5114,515.94,41.96,1,fair
0.6,1.09,117.3,220.0,0.5525,517.6,43.67,1,fair
0.6,0.83,153.6,186.7,0.5329,518.41,37.11,1,fair
0.6,1.47,139.1,120.0,0.4797,516.96,42.75,1,fair
0.6,0.83,175.5,170.0,0.7218,516.61,32.44,2,good
0.6,1.47,160.9,86.7,0.6089,518.31,35.77,2,good
0.76,0.7,190.0,170.0,0.5764,516.07,35.76,1,fair
0.6,1.6,131.8,203.3,0.5855,517.14,42.6,1,fair
0.6,0.96,175.5,186.7,0.4465,520.53,42.43,1,fair
0.51,1.07,159.4,220.3,0.4367,517.92,42.55,1,fair
0.6,1.34,190.0,220.0,0.4149,522.42,45.24,1,fair
1.47,1.08,177.7,135.2,0.854,515.25,24.46,3,excellent
0.6,0.96,146.4,153.3,0.6173,514.95,35.54,2,good
0.52,1.18,165.9,245.1,0.493,517.95,40.66,1,fair
0.76,0.7,146.4,170.0,0.9155,514.07,23.19,3,excellent
1.22,0.72,139.7,78.8,0.6455,513.51,37.26,2,good
1.96,0.7,166.4,216.5,0.5905,514.66,49.44,1,fair
0.85,1.51,114.0,154.9,0.5503,516.58,42.88,1,fair
0.6,1.09,175.5,153.3,0.5559,517.25,37.24,1,fair
0.53,1.67,114.8,156.7,0.4348,518.68,51.07,1,fair
0.6,1.47,175.5,153.3,0.5265,520.33,42.29,1,fair
0.87,1.02,100.7,249.8,0.4956,515.5,40.45,1,fair
0.6,0.96,124.5,220.0,0.5421,516.39,39.14,1,fair
0.76,0.7,131.8,153.3,0.92,514.77,27.27,3,excellent
0.6,0.83,168.2,86.7,0.7928,519.4,33.49,3,excellent
0.6,0.83,139.1,86.7,0.6875,518.22,33.13,2,good
2.16,0.86,110.5,213.4,0.513,512.94,47.87,1,fair
0.6,1.47,110.0,220.0,0.4001,521.59,49.87,1,fair
0.6,1.09,139.1,86.7,0.5703,517.66,37.43,1,fair
0.6,1.34,182.7,103.3,0.5116,517.94,43.28,1,fair
1.61,1.03,117.2,63.8,0.7237,515.34,37.17,2,good
0.96,0.97,104.2,123.9,0.6605,513.81,32.79,2,good
1.86,1.03,148.4,65.4,0.7392,510.56,32.7,2,good
0.76,0.83,139.1,220.0,0.9121,512.54,26.97,3,excellent
0.6,1.21,168.2,153.3,0.6132,519.37,40.39,2,good
0.53,0.93,161.5,131.8,0.5236,517.24,37.33,1,fair
0.76,0.7,153.6,86.7,0.92,512.33,19.74,3,excellent
0.76,0.7,153.6,153.3,0.9042,513.74,19.02,3,excellent
0.8,1.21,144.7,200.2,0.5489,518.3,36.41,1,fair
0.83,1.78,164.3,104.0,0.6316,518.51,38.98,2,good
1.77,1.74,151.2,146.6,0.92,515.32,24.62,3,excellent
0.76,0.83,124.5,136.7,0.6372,514.81,39.6,2,good
0.6,0.83,168.2,153.3,0.664,517.35,31.26,2,good
0.6,0.7,131.8,136.7,0.8446,517.33,30.81,3,excellent
0.6,1.47,146.4,153.3,0.5828,517.66,39.74,1,fair
0.6,1.21,124.5,203.3,0.5345,517.41,44.47,1,fair
2.12,0.68,142.8,191.1,0.556,512.04,50.67,1,fair
0.79,1.15,102.3,227.0,0.534,518.3,43.91,1,fair
1.07,1.77,127.1,111.7,0.6439,512.27,37.34,2,good
1.79,1.09,130.9,221.0,0.8312,516.23,33.24,3,excellent
0.6,0.7,175.5,86.7,0.8396,515.44,29.39,3,excellent
0.75,1.2,101.5,78.0,0.4696,517.67,47.13,1,fair
0.6,1.6,146.4,186.7,0.5781,517.54,40.26,1,fair
0.6,1.21,168.2,136.7,0.5974,517.2,38.75,1,fair
1.02,1.73,138.3,152.3,0.5627,516.9,36.77,1,fair
0.6,1.47,146.4,170.0,0.5395,519.15,41.2,1,fair
0.6,0.96,110.0,86.7,0.4964,520.15,45.87,1,fair
0.6,0.7,117.3,120.0,0.711,515.59,31.99,2,good
0.6,0.96,160.9,153.3,0.6049,518.75,35.2,2,good
0.6,1.34,110.0,70.0,0.4434,518.86,50.99,1,fair
0.6,1.09,124.5,186.7,0.5316,517.31,44.51,1,fair
0.51,0.69,198.3,65.7,0.682,518.69,37.1,2,good
0.6,0.83,139.1,170.0,0.772,513.76,31.76,3,excellent
0.6,1.6,110.0,70.0,0.4154,518.32,47.77,1,fair
0.6,0.7,124.5,70.0,0.6885,510.68,33.89,2,good
0.6,1.34,139.1,170.0,0.4495,519.72,39.84,1,fair
1.05,0.94,138.2,238.5,0.8631,513.65,24.91,3,excellent
1.91,1.71,145.2,223.1,0.8115,511.52,26.31,3,excellent
0.76,0.83,160.9,136.7,0.811,516.0,23.78,3,excellent
1.72,1.13,109.3,120.0,0.5569,513.12,39.5,1,fair
0.6,1.47,190.0,86.7,0.4558,521.37,43.51,1,fair
1.83,1.35,177.5,112.0,0.764,513.49,24.11,3,excellent
0.55,1.62,164.7,248.5,0.5265,517.74,40.6,1,fair
2.14,0.7,165.2,170.8,0.5109,513.97,50.81,1,fair
0.6,1.21,168.2,103.3,0.5862,518.18,40.08,1,fair
0.54,0.8,117.3,220.6,0.568,516.8,39.17,1,fair
0.6,1.34,168.2,170.0,0.6425,517.02,34.18,2,good
0.6,1.6,190.0,186.7,0.4221,518.78,45.5,1,fair
0.6,0.83,153.6,220.0,0.6972,517.81,33.79,2,good
1.47,1.03,138.7,113.2,0.92,511.59,21.81,3,excellent
0.76,0.7,117.3,153.3,0.6866,514.66,34.69,2,good
0.6,1.34,175.5,220.0,0.5921,517.19,38.61,1,fair
0.65,1.31,164.4,80.9,0.5447,519.42,37.56,1,fair
2.06,0.73,191.8,235.7,0.4079,515.04,53.88,1,fair
0.6,1.21,131.8,70.0,0.6018,516.99,42.91,2,good
0.76,0.83,110.0,103.3,0.6835,515.15,33.46,2,good
0.6,1.09,190.0,136.7,0.4268,519.33,46.44,1,fair
0.89,0.7,192.8,237.2,0.534,519.26,35.03,1,fair
0.6,1.6,117.3,170.0,0.4515,516.51,46.95,1,fair
0.6,1.47,124.5,186.7,0.4881,517.39,48.45,1,fair
0.6,0.96,117.3,103.3,0.5201,519.85,44.29,1,fair
0.6,0.7,124.5,86.7,0.6885,515.33,31.63,2,good
1.03,0.7,137.3,207.2,0.92,511.5,24.97,3,excellent
0.6,1.09,175.5,220.0,0.6085,518.51,36.65,2,good
0.76,0.83,182.7,136.7,0.7249,517.46,28.75,2,good
0.6,0.96,131.8,170.0,0.5327,520.46,43.3,1,fair
0.6,1.6,190.0,153.3,0.5008,519.15,45.0,1,fair
1.85,0.9,125.5,223.8,0.4029,510.41,48.95,1,fair
0.6,1.09,124.5,153.3,0.5668,518.77,40.31,1,fair
0.6,1.47,168.2,153.3,0.4878,518.0,40.24,1,fair
1.87,1.46,160.1,194.7,0.8658,514.27,25.16,3,excellent
1.06,1.67,185.3,182.0,0.5738,519.52,36.87,1,fair
0.6,0.96,182.7,120.0,0.4578,518.95,39.29,1,fair
0.6,1.47,139.1,220.0,0.5314,517.08,37.85,1,fair
1.03,1.48,164.4,186.3,0.4583,518.96,39.03,1,fair
0.89,0.9,156.7,186.8,0.92,514.85,20.56,3,excellent
0.6,0.83,117.3,70.0,0.5877,516.42,37.14,1,fair
1.3,0.71,181.4,123.1,0.678,514.98,37.68,2,good
0.6,1.6,131.8,86.7,0.3827,520.9,45.57,0,poor
0.76,0.83,139.1,120.0,0.92,515.31,24.13,3,excellent
1.6,1.21,187.7,68.9,0.6325,517.29,30.44,2,good
0.6,0.7,168.2,186.7,0.6805,513.95,30.96,2,good
0.71,1.13,158.0,135.9,0.5646,517.43,35.43,1,fair
0.6,0.96,175.5,70.0,0.4982,519.67,41.04,1,fair
0.56,1.01,132.8,222.7,0.4407,518.13,45.35,1,fair
0.6,1.09,182.7,170.0,0.5221,518.83,42.01,1,fair
0.6,0.83,110.0,86.7,0.5043,515.41,43.17,1,fair
0.82,1.67,140.4,81.2,0.5602,517.31,40.63,1,fair
0.76,0.7,168.2,136.7,0.92,513.11,20.98,3,excellent
0.58,1.38,189.9,200.9,0.5879,518.7,40.77,1,fair
0.76,0.83,117.3,153.3,0.7001,514.22,32.07,2,good
0.76,0.83,146.4,70.0,0.92,515.5,26.11,3,excellent
0.79,0.72,173.1,132.4,0.8114,517.36,26.23,3,excellent
0.6,1.6,124.5,70.0,0.5903,518.55,41.23,1,fair
0.9,0.78,143.6,75.4,0.8681,513.25,20.95,3,excellent
0.76,0.83,139.1,170.0,0.92,516.22,22.48,3,excellent
