X1_cs_flow_rate,X2_pb_flow_rate,X3_temperature,X4_residence_time
1.27,0.68,182.7,233.4
0.6,0.96,190.0,120.0
0.91,0.79,105.9,132.8
0.6,1.6,153.6,153.3
1.03,0.82,173.8,82.0
0.87,0.81,141.0,85.9
0.6,1.6,175.5,203.3
1.53,1.78,130.9,111.8
0.6,0.7,153.6,153.3
1.12,1.63,164.1,218.9
0.6,0.7,146.4,170.0
1.09,1.2,193.1,168.4
0.76,0.83,131.8,203.3
0.6,1.21,182.7,136.7
0.6,1.09,117.3,136.7
0.6,0.96,131.8,153.3
0.6,1.47,124.5,170.0
0.6,0.83,110.0,203.3
0.71,1.18,148.9,160.8
1.46,1.67,108.7,137.3
0.6,1.34,160.9,136.7
1.67,1.09,130.5,129.6
0.95,1.52,170.9,123.8
0.76,0.83,110.0,120.0
0.51,1.35,182.8,119.2
0.6,0.7,175.5,220.0
0.76,0.83,175.5,220.0
0.76,0.7,110.0,136.7
0.6,1.47,160.9,103.3
0.6,0.7,124.5,220.0
0.6,1.34,124.5,203.3
0.6,1.6,182.7,136.7
0.6,1.21,175.5,103.3
0.6,1.6,153.6,186.7
0.76,0.83,110.0,70.0
0.6,1.09,175.5,70.0
1.0,1.55,184.4,247.1
1.29,1.16,136.8,166.9
0.76,0.7,190.0,203.3
0.6,0.96,117.3,136.7
0.6,0.83,110.0,136.7
1.05,1.34,128.4,212.7
0.6,0.96,117.3,86.7
0.6,1.21,182.7,153.3
1.68,1.77,144.6,172.7
0.6,1.47,182.7,136.7
0.6,1.21,124.5,186.7
0.6,1.6,139.1,220.0
0.6,0.7,160.9,70.0
1.98,1.62,134.8,147.9
1.84,0.9,184.0,120.3
0.6,0.96,110.0,186.7
0.63,1.16,108.3,111.9
0.6,0.83,175.5,103.3
0.6,1.6,153.6,220.0
1.65,1.54,120.1,113.4
2.08,1.14,112.9,92.3
1.06,0.91,124.8,99.5
0.76,0.83,182.7,103.3
0.6,1.09,110.0,86.7
1.49,1.13,158.0,66.3
0.6,1.34,160.9,203.3
1.91,1.1,172.3,118.7
0.76,0.83,110.0,220.0
1.42,1.16,174.9,200.2
0.5,1.12,117.6,214.1
0.76,0.7,124.5,186.7
0.81,0.75,188.7,158.1
0.6,0.7,190.0,86.7
2.17,0.64,141.1,100.0
1.84,1.2,155.2,65.6
0.6,1.09,124.5,120.0
0.92,1.41,164.5,179.9
0.76,0.7,175.5,136.7
0.6,1.47,131.8,153.3
0.6,0.96,168.2,136.7
0.92,1.14,153.1,190.9
0.6,1.47,153.6,186.7
0.6,1.09,110.0,203.3
1.11,1.27,169.1,203.1
0.6,0.7,153.6,220.0
0.6,1.6,117.3,186.7
1.92,1.38,144.4,246.3
0.98,1.09,112.6,95.4
1.62,1.08,124.5,114.9
1.6,1.15,182.0,165.7
0.6,0.76,190.6,172.5
0.6,1.09,190.0,203.3
0.6,0.96,139.1,86.7
1.8,1.22,167.0,119.3
1.18,1.76,119.6,69.2
1.19,0.88,165.2,176.8
0.6,0.83,175.5,70.0
0.6,0.96,146.4,186.7
1.89,1.67,189.0,236.3
1.2,1.52,120.6,153.3
0.6,1.34,146.4,86.7
1.77,0.99,109.8,227.5
2.01,1.03,159.4,91.2
1.21,1.02,118.7,175.8
0.6,1.6,160.9,170.0
0.76,0.7,131.8,120.0
0.6,1.09,153.6,220.0
1.7,0.89,145.2,139.9
0.6,0.83,190.0,220.0
0.6,1.6,131.8,220.0
0.6,1.34,124.5,70.0
0.6,0.96,117.3,170.0
0.6,1.34,117.3,86.7
0.6,1.21,153.6,136.7
0.6,1.47,146.4,86.7
1.03,1.13,171.2,203.7
0.76,0.7,168.2,86.7
2.18,0.71,183.6,122.6
0.6,1.47,131.8,220.0
0.6,1.09,124.5,103.3
0.76,0.83,124.5,120.0
0.76,0.7,117.3,120.0
0.6,0.96,190.0,103.3
1.7,1.55,118.7,217.3
0.74,1.56,129.1,239.9
0.76,0.7,160.9,170.0
0.76,0.83,124.5,186.7
0.6,1.21,117.3,136.7
0.6,1.09,131.8,120.0
1.29,1.59,121.3,218.8
0.6,1.09,182.7,136.7
0.6,1.6,139.1,170.0
0.76,0.83,190.0,120.0
0.6,1.09,110.0,170.0
2.1,0.68,111.8,190.7
1.1,1.29,103.7,170.4
0.6,1.47,124.5,136.7
0.6,1.21,139.1,220.0
0.6,1.47,168.2,103.3
0.56,1.43,197.0,249.9
2.01,1.65,187.4,199.9
1.85,1.39,166.4,203.2
1.1,1.7,104.6,149.0
1.05,0.85,119.3,93.5
0.59,0.86,179.7,151.7
0.6,0.96,153.6,170.0
2.0,1.37,129.2,174.9
0.6,1.6,124.5,103.3
1.25,1.79,172.8,108.5
0.6,1.21,146.4,70.0
0.6,1.34,146.4,136.7
1.61,0.87,189.0,233.1
0.6,0.83,190.0,120.0
0.6,0.83,110.0,70.0
0.56,0.9,117.3,242.3
0.6,1.6,182.7,220.0
0.6,1.34,117.3,186.7
0.76,0.83,175.5,203.3
0.6,0.96,153.6,186.7
0.6,0.83,117.3,153.3
0.6,1.21,160.9,136.7
2.06,0.7,158.5,224.6
0.6,1.21,182.7,120.0
0.58,1.6,118.2,231.1
0.6,1.34,160.9,70.0
0.6,1.47,190.0,136.7
0.6,0.7,182.7,220.0
0.76,0.83,168.2,136.7
0.62,0.77,136.9,121.7
1.99,1.18,198.3,61.9
1.68,0.65,111.5,224.5
2.05,1.41,171.4,81.0
0.6,0.83,175.5,86.7
0.83,1.56,145.7,146.3
0.76,0.83,139.1,70.0
0.6,1.34,160.9,220.0
1.7,1.44,138.8,140.6
0.74,1.22,168.3,92.3
0.6,1.09,146.4,86.7
0.58,1.71,138.5,204.5
0.6,1.47,153.6,103.3
0.64,1.46,101.6,138.7
0.6,1.6,131.8,136.7
1.48,1.29,169.5,76.8
0.9,1.6,196.6,183.1
0.6,1.47,153.6,153.3
1.15,0.69,133.6,166.6
0.76,0.83,190.0,203.3
0.6,1.47,168.2,186.7
0.6,1.34,190.0,103.3
1.25,1.04,193.8,211.3
1.45,0.67,126.4,84.3
0.76,0.83,190.0,70.0
1.81,1.78,154.0,71.6
0.6,1.34,110.0,103.3
0.6,0.96,131.8,70.0
1.89,0.79,154.8,166.6
0.6,0.83,190.0,86.7
0.6,0.7,139.1,220.0
0.6,1.09,182.7,103.3
0.76,0.83,124.5,153.3
0.6,1.6,117.3,153.3
0.6,1.34,175.5,120.0
0.54,1.7,141.6,90.1
1.57,0.92,116.0,192.8
0.6,1.21,139.1,170.0
0.6,0.83,146.4,120.0
0.6,1.47,110.0,70.0
0.6,1.09,146.4,136.7
0.6,0.83,190.0,186.7
1.77,1.18,173.7,89.4
2.0,0.65,176.0,68.2
0.76,0.7,182.7,120.0
0.6,0.7,124.5,120.0
1.75,1.19,176.0,79.6
0.6,0.7,153.6,120.0
0.6,0.96,139.1,220.0
0.6,0.83,153.6,203.3
0.6,1.34,182.7,86.7
1.56,0.74,121.2,206.9
0.76,0.83,146.4,186.7
0.6,0.96,190.0,136.7
0.6,1.09,146.4,170.0
1.26,1.78,114.9,131.7
0.6,1.6,175.5,70.0
0.6,0.83,160.9,170.0
0.6,1.21,175.5,220.0
0.76,0.83,146.4,136.7
1.68,0.87,180.1,184.7
1.92,1.2,141.3,72.8
0.6,1.09,160.9,120.0
0.6,0.7,182.7,70.0
0.9,0.65,186.4,196.5
0.6,1.09,131.8,136.7
0.84,1.57,129.5,182.1
0.6,0.83,182.7,70.0
0.56,1.39,135.1,80.7
1.17,1.17,139.1,68.5
2.06,0.74,144.7,230.0
0.6,0.96,182.7,136.7
0.76,0.7,153.6,186.7
0.6,1.6,139.1,203.3
1.73,1.49,196.3,217.3
0.6,1.21,160.9,103.3
0.6,1.47,124.5,120.0
2.02,0.9,191.3,121.4
0.6,1.21,146.4,203.3
0.6,1.6,153.6,170.0
1.79,0.95,131.7,67.0
0.6,0.7,190.0,153.3
0.6,1.47,182.7,220.0
1.79,1.46,172.9,105.1
0.6,1.47,168.2,203.3
1.56,0.73,146.0,143.3
0.76,0.7,139.1,136.7
0.6,0.96,153.6,153.3
0.76,0.83,124.5,70.0
0.6,1.09,190.0,220.0
2.03,0.79,168.7,134.3
0.76,0.7,190.0,153.3
0.6,1.21,175.5,70.0
0.6,1.34,117.3,203.3
2.08,0.73,187.4,147.0
2.17,0.87,151.8,172.6
0.6,0.7,160.9,203.3
1.15,1.45,141.4,201.6
0.6,0.7,131.8,103.3
0.79,1.77,185.0,244.9
0.76,0.7,160.9,120.0
0.79,1.73,135.4,221.5
0.6,0.96,190.0,86.7
0.6,0.83,139.1,120.0
0.6,0.83,168.2,120.0
0.76,0.7,175.5,120.0
0.64,0.92,103.7,103.1
1.15,1.54,148.7,240.0
0.6,1.21,117.3,153.3
0.65,1.52,152.1,101.7
1.15,0.66,127.5,189.8
1.13,1.44,165.8,203.4
0.6,1.34,117.3,70.0
0.6,1.09,160.9,103.3
2.05,0.84,142.2,133.2
0.6,0.83,175.5,203.3
1.67,1.04,105.2,199.5
1.05,0.61,125.5,146.2
0.6,1.34,131.8,70.0
0.64,1.39,122.9,234.2
1.18,1.11,187.3,206.6
0.6,0.7,146.4,220.0
0.6,0.96,146.4,203.3
1.33,1.3,190.8,210.6
0.6,0.7,160.9,120.0
0.6,0.83,139.1,103.3
2.15,1.2,129.9,222.9
0.57,1.31,192.1,190.2
1.21,1.42,107.2,211.4
1.18,1.59,165.0,104.3
0.6,1.21,190.0,86.7
0.6,0.96,160.9,170.0
0.6,0.7,139.1,153.3
1.39,1.6,127.8,155.0
1.53,1.39,175.6,145.6
0.6,1.09,153.6,186.7
0.6,1.21,182.7,86.7
0.6,0.7,160.9,170.0
0.66,1.27,152.9,146.4
0.88,1.74,177.6,97.0
0.6,1.47,153.6,70.0
0.77,0.64,131.2,73.5
0.76,0.83,175.5,120.0
2.13,0.96,167.1,229.4
0.6,1.6,175.5,186.7
0.6,0.7,131.8,70.0
0.76,0.83,117.3,86.7
2.0,1.64,149.0,87.5
0.88,1.34,195.0,71.2
0.76,0.7,117.3,136.7
0.76,0.83,110.0,136.7
0.6,1.21,131.8,136.7
1.11,0.64,190.2,95.3
1.23,0.87,196.1,119.4
1.68,1.16,138.0,73.3
1.44,0.66,165.0,235.0
0.6,0.7,139.1,136.7
0.9,1.57,143.0,163.1
0.6,0.83,139.1,203.3
0.6,0.96,153.6,120.0
0.76,0.7,131.8,70.0
0.6,1.21,160.9,153.3
0.86,0.8,119.3,202.5
0.6,1.34,110.0,186.7
1.66,0.6,117.5,128.3
0.6,1.47,131.8,186.7
0.6,1.09,160.9,203.3
0.6,1.21,182.7,103.3
2.12,1.67,113.7,94.9
0.6,1.21,139.1,186.7
0.6,0.96,182.7,103.3
1.14,1.46,175.1,210.6
0.6,1.09,110.0,186.7
0.6,0.83,153.6,153.3
0.76,0.83,131.8,170.0
2.06,1.33,166.4,213.9
1.24,1.44,198.1,163.8
0.6,0.96,153.6,70.0
0.73,1.01,172.3,172.1
0.6,1.47,190.0,103.3
0.6,1.21,153.6,120.0
1.91,1.33,162.2,77.6
0.6,0.96,190.0,70.0
1.66,1.77,118.4,90.7
2.15,0.73,184.2,126.5
0.76,0.7,117.3,203.3
0.6,0.83,146.4,153.3
0.6,1.21,110.0,103.3
0.82,0.93,163.5,158.2
1.85,1.22,193.5,223.7
0.6,0.83,110.0,120.0
0.6,1.21,190.0,220.0
1.48,1.42,132.0,101.3
1.09,0.91,184.6,231.8
1.27,1.78,138.9,195.6
0.76,0.83,182.7,153.3
0.6,1.21,110.0,153.3
0.6,0.96,175.5,86.7
0.6,1.47,153.6,203.3
0.6,0.83,160.9,136.7
0.6,1.34,131.8,186.7
0.6,1.09,190.0,86.7
1.23,0.94,135.3,143.0
0.6,0.96,168.2,103.3
0.76,0.83,190.0,170.0
0.6,0.96,124.5,170.0
1.79,1.67,130.0,175.3
0.6,1.02,146.4,190.7
0.6,0.7,153.6,186.7
0.52,1.1,187.5,69.3
1.52,1.56,114.0,75.2
1.87,1.39,145.1,81.1
0.6,1.21,110.0,70.0
1.93,0.88,152.2,231.2
0.57,0.6,112.5,97.3
0.84,1.36,149.1,217.7
2.02,0.67,110.9,102.6
0.6,1.6,139.1,186.7
0.6,1.09,153.6,103.3
0.75,1.7,137.2,230.5
2.18,1.5,185.3,93.0
0.6,1.47,139.1,136.7
0.6,1.21,131.8,220.0
1.22,1.27,176.9,221.0
0.6,1.34,117.3,120.0
0.96,1.76,151.3,205.3
1.78,0.95,198.9,179.9
1.39,1.19,140.4,78.6
0.6,1.09,175.5,120.0
0.6,1.47,117.3,70.0
0.6,1.21,146.4,136.7
0.76,0.7,110.0,153.3
1.43,1.49,157.8,159.7
1.6,1.5,113.3,143.9
0.6,0.96,124.5,86.7
0.6,1.21,146.4,153.3
0.76,0.7,110.0,203.3
0.6,0.96,110.0,70.0
0.6,1.47,175.5,220.0
0.6,1.34,175.5,103.3
0.6,1.09,153.6,70.0
0.76,0.83,110.0,153.3
1.78,1.14,160.1,192.9
0.6,1.09,110.0,153.3
0.76,0.7,153.6,103.3
1.3,0.91,119.5,221.3
0.6,1.21,182.7,203.3
0.6,1.47,117.3,170.0
2.08,0.63,187.6,187.5
0.6,1.6,182.7,86.7
0.6,0.7,160.9,86.7
1.15,1.24,174.8,119.4
0.6,0.96,117.3,220.0
0.6,0.7,146.4,86.7
0.6,0.83,160.9,203.3
1.42,1.68,148.1,198.0
0.6,1.34,146.4,70.0
0.6,0.96,175.5,103.3
1.9,1.57,131.2,104.2
0.6,1.21,190.0,120.0
1.73,1.1,153.2,249.2
1.56,1.45,122.6,239.8
1.4,1.32,112.2,228.1
0.76,0.83,131.8,86.7
0.76,0.7,139.1,170.0
1.21,0.79,124.5,201.1
0.6,1.09,153.6,170.0
1.83,1.71,121.9,92.5
0.96,1.68,109.7,133.0
0.6,1.21,190.0,70.0
1.59,1.6,178.7,218.1
1.71,0.82,146.3,176.6
0.76,0.83,146.4,103.3
0.76,0.7,124.5,153.3
0.6,1.09,131.8,203.3
0.98,1.52,160.3,222.6
0.6,1.09,160.9,170.0
0.6,0.83,160.9,103.3
1.12,0.99,102.1,113.2
0.6,1.34,117.3,136.7
1.75,1.16,114.0,239.5
0.6,1.21,175.5,170.0
0.76,0.7,124.5,170.0
1.17,1.16,143.4,191.5
0.6,1.34,182.7,170.0
1.95,0.73,132.8,240.4
0.6,0.83,124.5,86.7
0.54,1.1,161.4,132.7
0.6,0.7,110.0,103.3
2.05,1.05,108.3,63.3
1.33,1.71,130.3,193.5
2.14,1.08,113.8,184.0
0.6,0.96,175.5,220.0
1.1,1.19,165.0,103.0
1.03,1.42,120.2,72.0
0.6,1.21,110.0,120.0
0.6,0.96,124.5,153.3
0.6,1.09,117.3,170.0
0.6,1.47,124.5,86.7
0.76,0.7,146.4,120.0
0.6,1.09,160.9,220.0
0.6,0.96,131.8,86.7
0.6,0.83,153.6,136.7
0.6,1.6,175.5,220.0
0.6,0.96,110.0,136.7
0.6,1.6,175.5,86.7
0.6,1.09,168.2,153.3
0.6,1.21,190.0,170.0
0.6,1.47,175.5,186.7
1.03,0.82,146.3,77.2
1.18,0.66,149.7,192.5
0.6,1.21,110.0,170.0
0.6,1.34,168.2,70.0
0.6,1.09,146.4,153.3
0.6,0.96,131.8,120.0
0.67,0.88,147.0,121.1
1.8,0.76,119.2,68.2
2.19,1.18,142.5,61.7
0.6,0.96,117.3,70.0
0.6,1.09,146.4,120.0
1.08,1.21,119.2,183.5
0.95,1.1,162.7,76.1
0.6,1.34,190.0,153.3
0.6,0.96,160.9,70.0
0.6,1.6,168.2,170.0
0.6,1.09,124.5,86.7
2.18,0.81,173.2,192.0
0.6,1.09,153.6,153.3
0.8,1.02,199.7,239.1
0.6,1.21,146.4,103.3
0.6,1.47,131.8,103.3
0.6,1.47,139.1,153.3
1.43,0.99,135.7,156.0
0.6,1.09,139.1,203.3
2.2,0.87,146.0,157.1
0.6,1.34,175.5,136.7
1.91,0.87,142.2,185.5
0.6,1.21,153.6,203.3
0.6,1.6,175.5,170.0
0.82,1.26,177.2,227.6
1.72,0.94,126.3,218.9
1.61,0.68,116.0,237.3
1.93,1.01,161.9,91.5
0.6,0.83,153.6,103.3
2.18,1.71,156.4,248.2
0.76,0.83,168.2,70.0
0.6,0.83,146.4,70.0
0.6,0.96,146.4,103.3
0.6,1.21,168.2,86.7
1.3,0.72,160.7,166.9
1.21,0.92,109.7,69.5
1.33,1.52,197.9,229.0
0.6,1.6,110.0,220.0
0.6,0.96,131.8,103.3
1.81,1.09,118.4,200.4
0.76,0.7,160.9,136.7
1.43,0.92,159.7,237.7
0.6,1.09,117.3,86.7
1.93,1.28,134.5,78.7
0.6,1.47,110.0,86.7
0.6,1.47,117.3,120.0
0.6,1.47,146.4,186.7
0.6,1.21,131.8,203.3
0.6,0.96,175.5,136.7
0.6,1.6,110.0,153.3
0.56,1.13,113.7,184.1
0.76,0.7,175.5,103.3
1.89,1.42,156.1,68.6
0.6,0.7,117.3,153.3
0.6,1.34,182.7,186.7
0.6,1.6,153.6,70.0
0.9,1.76,127.0,131.7
0.94,0.82,185.8,138.6
0.6,1.6,153.6,120.0
0.6,1.09,182.7,153.3
1.05,1.62,113.6,151.5
0.6,0.83,160.9,220.0
2.07,1.73,174.6,211.1
0.76,0.7,175.5,153.3
0.76,0.83,146.4,86.7
1.11,1.19,104.7,62.6
0.76,0.7,131.8,203.3
0.6,1.47,110.0,186.7
1.18,1.1,192.0,143.9
1.95,0.84,102.1,200.1
0.57,1.46,103.1,139.7
0.6,1.21,168.2,186.7
0.6,0.7,139.1,120.0
0.6,0.96,131.8,136.7
0.76,0.83,117.3,170.0
0.6,0.7,182.7,86.7
1.23,1.17,194.3,237.8
1.47,0.62,144.7,157.6
1.44,1.0,119.2,213.7
0.6,0.7,182.7,186.7
1.64,1.71,163.0,181.7
0.6,1.21,117.3,186.7
1.24,0.69,126.8,163.1
0.6,1.6,139.1,86.7
0.6,1.47,131.8,170.0
0.6,1.34,117.3,220.0
0.76,0.83,124.5,170.0
1.33,1.09,185.0,144.0
0.6,1.47,168.2,220.0
0.76,0.7,160.9,186.7
0.6,0.7,160.9,103.3
1.54,1.64,133.9,179.9
0.99,1.46,182.3,197.7
1.65,1.23,172.5,214.7
1.53,0.64,178.5,242.5
0.6,1.21,110.0,86.7
0.76,0.7,182.7,203.3
0.6,1.21,124.5,170.0
1.87,1.43,172.0,131.0
1.41,1.27,135.3,76.5
2.06,1.43,108.6,216.7
2.02,1.71,182.4,197.5
0.7,1.74,108.8,198.2
1.62,0.76,165.5,195.8
0.6,0.96,160.9,86.7
0.76,0.7,110.0,103.3
0.6,1.09,139.1,153.3
0.99,0.74,148.4,222.0
1.85,1.16,188.5,223.2
0.6,0.96,153.6,220.0
0.6,0.83,182.7,170.0
2.15,0.68,191.6,84.7
0.6,1.34,190.0,70.0
0.93,1.17,135.0,221.6
0.59,1.03,181.1,115.4
0.71,1.5,113.5,247.2
0.6,0.83,124.5,203.3
0.95,1.33,103.7,187.1
2.08,1.18,127.1,127.7
0.6,1.6,168.2,153.3
0.6,1.6,182.7,103.3
0.6,1.47,190.0,170.0
0.6,1.21,175.5,153.3
0.6,1.21,160.9,186.7
0.56,0.66,132.4,181.2
2.12,0.8,130.2,93.2
0.69,1.34,101.0,182.9
0.76,0.83,168.2,86.7
0.87,1.31,192.9,168.2
0.6,0.96,139.1,170.0
0.76,0.82,183.1,136.7
0.76,0.7,175.5,186.7
0.6,1.21,190.0,203.3
0.6,1.6,175.5,103.3
0.55,1.62,164.3,152.9
1.99,1.23,184.7,209.1
0.73,1.33,126.9,188.0
0.76,0.7,168.2,70.0
0.97,1.43,102.6,60.5
0.6,1.47,168.2,170.0
0.6,1.6,153.6,136.7
1.74,1.53,137.9,88.7
1.6,0.75,136.3,225.0
0.6,1.47,139.1,186.7
0.6,1.34,110.0,220.0
1.35,0.91,136.7,128.7
2.05,0.7,163.8,73.5
0.86,0.78,185.3,98.4
0.76,0.7,146.4,70.0
0.6,1.21,117.3,120.0
1.68,1.14,120.7,155.7
0.6,0.96,131.8,186.7
1.15,0.86,119.5,81.4
0.6,0.96,190.0,203.3
0.76,0.83,131.8,70.0
0.6,0.83,190.0,170.0
0.6,1.21,160.9,86.7
1.44,1.27,188.2,246.0
1.31,1.37,108.5,133.3
0.6,0.83,168.2,203.3
0.64,0.83,113.4,169.0
0.7,1.18,113.4,79.1
0.6,0.7,146.4,203.3
0.6,1.34,131.8,86.7
1.5,1.74,117.0,172.5
1.63,1.26,133.9,153.6
0.69,1.47,116.4,227.9
0.6,1.09,110.0,120.0
0.6,1.21,124.5,153.3
0.76,0.83,168.2,153.3
0.76,0.83,139.1,86.7
1.6,1.67,132.5,135.8
1.1,1.53,113.0,194.8
0.76,0.83,160.9,86.7
0.76,0.83,139.1,136.7
1.0,1.66,129.2,166.2
0.6,0.7,190.0,203.3
0.95,0.76,114.4,63.2
1.51,0.66,150.7,105.6
0.6,1.21,139.1,103.3
0.6,1.21,131.8,120.0
0.6,0.7,168.2,86.7
0.6,1.6,160.9,153.3
0.76,0.7,146.4,203.3
0.6,1.09,124.5,70.0
0.76,0.7,153.6,220.0
2.03,1.55,176.9,70.0
0.6,0.7,168.2,136.7
1.23,1.0,117.0,110.0
0.6,0.96,168.2,220.0
0.6,0.7,110.0,170.0
0.6,1.47,124.5,153.3
2.16,0.93,109.2,125.2
0.6,1.6,160.9,136.7
0.6,1.6,131.8,120.0
0.6,1.09,175.5,86.7
0.6,1.21,117.3,70.0
0.94,0.76,128.0,227.7
0.6,0.96,139.1,186.7
0.6,1.6,182.7,203.3
1.61,0.81,127.2,199.3
0.95,1.03,160.4,244.2
0.76,0.83,153.6,170.0
0.6,1.34,182.7,153.3
2.19,1.24,103.5,181.3
1.93,0.99,113.1,121.0
0.65,0.76,116.4,107.5
0.84,0.8,175.0,231.7
1.19,0.85,171.3,82.3
1.9,0.82,132.4,235.9
1.06,1.13,116.6,72.7
0.6,0.96,168.2,186.7
0.6,1.09,168.2,103.3
0.6,1.47,146.4,136.7
0.76,0.83,110.0,186.7
2.14,0.98,143.6,71.0
1.11,0.8,113.5,206.9
0.6,0.83,146.4,186.7
0.74,0.91,110.7,77.1
0.6,1.34,182.7,136.7
0.6,0.7,168.2,170.0
0.63,0.98,179.0,105.0
0.87,0.68,188.0,112.8
0.6,1.09,175.5,186.7
2.06,1.48,134.5,135.3
0.6,0.7,146.4,136.7
1.17,1.27,160.8,169.7
0.6,1.34,139.1,120.0
0.6,1.34,160.9,186.7
0.6,0.83,182.7,86.7
0.6,0.7,190.0,120.0
0.76,0.7,124.5,103.3
1.46,0.64,186.7,179.4
0.76,0.7,131.8,220.0
0.6,0.83,146.4,136.7
0.6,1.47,153.6,86.7
0.6,1.21,182.7,220.0
0.8,1.7,123.5,198.3
0.6,0.7,117.3,203.3
0.6,1.09,153.6,120.0
0.85,1.11,190.0,121.3
0.6,0.96,139.1,153.3
2.01,1.5,128.9,208.5
0.6,1.09,153.6,203.3
2.14,0.77,155.0,198.3
1.41,1.44,178.9,224.9
0.6,1.34,153.6,220.0
0.6,0.7,131.8,86.7
0.6,1.6,182.7,70.0
0.6,1.47,110.0,103.3
0.76,0.7,131.8,136.7
0.6,0.83,175.5,136.7
0.6,1.47,175.5,120.0
0.6,0.96,168.2,170.0
0.6,1.21,168.2,70.0
0.76,0.83,131.8,103.3
0.6,1.34,182.7,70.0
2.05,0.7,190.1,212.1
0.76,0.83,182.7,220.0
0.6,0.96,182.7,86.7
0.6,1.34,124.5,220.0
0.6,0.83,124.5,186.7
1.71,0.72,182.5,66.2
0.6,1.09,110.0,70.0
0.6,0.7,168.2,120.0
0.6,0.7,139.1,203.3
0.6,1.09,182.7,203.3
0.6,0.83,131.8,153.3
0.6,1.47,146.4,103.3
2.14,0.98,178.7,202.9
1.79,1.29,116.3,90.4
0.51,1.16,197.3,182.9
1.11,1.25,138.3,97.3
1.97,0.77,154.7,207.6
0.6,1.21,124.5,70.0
1.9,0.65,129.1,235.2
0.6,0.83,146.4,220.0
0.76,0.7,168.2,186.7
0.78,1.69,112.9,177.5
0.6,1.6,190.0,70.0
1.02,1.58,180.1,197.4
1.14,1.34,156.5,80.0
0.6,1.21,139.1,203.3
0.6,0.96,182.7,170.0
1.6,1.29,103.5,185.8
0.92,1.43,127.5,135.8
0.76,0.7,175.5,70.0
1.93,1.1,175.5,149.6
1.02,0.95,139.9,94.7
0.6,1.34,110.0,86.7
1.18,1.36,168.8,100.5
0.6,0.96,110.0,120.0
1.64,0.81,145.2,227.5
0.76,0.7,182.7,186.7
1.44,1.33,158.3,134.4
0.6,0.96,160.9,103.3
0.6,1.09,160.9,153.3
2.17,1.75,172.8,195.3
1.29,0.71,154.6,72.0
0.6,0.96,153.6,203.3
0.6,1.09,160.9,70.0
0.6,1.34,153.6,70.0
0.6,1.09,117.3,70.0
0.6,1.21,168.2,170.0
0.76,0.7,117.3,220.0
0.6,0.83,153.6,86.7
0.73,0.61,141.7,244.1
0.6,1.34,124.5,86.7
0.6,1.47,175.5,203.3
0.76,0.83,190.0,103.3
0.6,1.6,190.0,103.3
1.97,1.54,106.2,169.1
0.79,1.44,108.5,72.8
0.6,1.6,168.2,103.3
0.76,0.7,190.0,120.0
0.6,0.96,146.4,170.0
0.76,0.7,110.0,170.0
0.6,1.09,182.7,86.7
1.41,1.38,174.1,180.5
0.76,0.83,175.5,170.0
0.6,1.09,117.3,186.7
0.6,1.47,160.9,203.3
0.76,0.83,124.5,103.3
0.6,0.7,182.7,153.3
0.6,0.83,110.0,170.0
1.7,0.65,126.3,210.1
0.6,1.47,190.0,203.3
0.6,0.96,190.0,153.3
0.7,0.64,182.2,189.3
0.6,1.34,168.2,103.3
0.6,1.47,175.5,103.3
1.24,0.81,163.4,170.2
0.6,0.83,168.2,220.0
1.87,0.79,167.1,248.5
0.6,0.83,124.5,70.0
1.76,0.64,198.4,79.4
1.41,1.8,181.1,239.3
0.9,1.55,142.2,64.5
2.07,1.26,105.6,70.7
0.76,0.83,182.7,86.7
0.55,1.67,141.0,228.5
0.93,0.97,188.7,220.8
0.6,1.34,190.0,86.7
0.95,1.58,105.6,187.2
0.6,1.6,146.4,103.3
0.6,1.6,117.3,220.0
0.6,0.7,117.3,70.0
2.19,0.99,146.3,151.3
0.93,0.74,195.4,141.6
0.6,0.96,139.1,103.3
0.6,1.47,175.5,70.0
1.84,0.95,173.0,230.0
0.6,0.96,146.4,86.7
0.6,1.47,131.8,136.7
0.6,1.34,124.5,170.0
0.6,1.6,182.7,120.0
0.6,1.6,124.5,86.7
0.6,0.83,110.0,220.0
0.76,0.83,175.5,153.3
0.6,0.96,168.2,120.0
0.76,0.83,117.3,70.0
0.6,1.6,110.0,120.0
0.76,0.7,110.0,120.0
1.37,1.42,112.2,141.9
0.6,1.6,124.5,153.3
0.6,1.6,168.2,86.7
0.6,1.34,175.5,153.3
0.6,0.83,175.5,153.3
0.91,1.26,136.9,110.3
1.3,1.26,172.1,102.9
0.6,0.83,131.8,203.3
0.76,0.7,175.5,203.3
0.76,0.7,124.5,203.3
0.6,1.6,110.0,86.7
0.6,1.34,131.8,136.7
0.6,1.21,131.8,170.0
0.55,1.6,104.4,220.8
2.02,0.86,182.5,146.7
0.6,1.21,190.0,186.7
0.6,0.83,160.9,153.3
1.4,0.95,133.8,205.7
0.6,1.6,124.5,220.0
0.6,1.09,146.4,70.0
0.6,0.7,175.5,170.0
0.76,0.7,139.1,70.0
1.71,1.23,179.5,85.8
0.6,0.83,131.8,170.0
0.6,1.09,146.4,220.0
2.12,1.17,183.4,87.4
0.6,1.09,190.0,186.7
1.92,1.54,114.0,192.7
0.6,1.34,153.6,203.3
1.39,1.63,199.9,172.7
0.54,0.66,162.7,189.5
1.79,1.74,157.8,189.1
0.6,1.09,168.2,186.7
0.6,1.21,160.9,120.0
0.6,0.83,146.4,203.3
0.6,1.09,131.8,70.0
0.6,1.21,175.5,203.3
1.45,0.77,189.7,62.1
2.03,1.54,133.8,82.8
1.03,1.02,198.6,196.0
1.37,1.2,150.4,184.5
0.76,0.7,153.6,120.0
0.6,1.47,182.7,70.0
1.48,0.67,107.7,104.6
0.76,0.7,124.5,136.7
1.34,0.61,175.2,79.7
0.6,1.34,153.6,136.7
0.6,0.83,124.5,103.3
1.96,1.5,153.8,143.1
2.1,1.71,103.7,143.5
0.6,1.6,124.5,136.7
0.6,1.09,153.6,86.7
0.6,1.34,131.8,170.0
1.3,1.02,179.9,196.4
0.6,1.47,160.9,220.0
1.76,1.49,126.5,96.4
0.6,1.34,117.3,153.3
0.6,0.96,146.4,136.7
0.6,1.6,168.2,120.0
1.26,0.96,116.4,123.9
2.09,0.81,102.1,86.1
0.6,0.7,168.2,203.3
0.6,0.7,139.1,86.7
0.73,1.27,104.7,97.6
1.73,0.68,100.9,161.1
0.6,0.83,117.3,86.7
0.76,0.7,139.1,86.7
0.76,0.83,160.9,186.7
0.76,0.83,117.3,136.7
0.61,0.65,149.9,136.9
0.63,1.58,184.0,177.5
1.7,0.81,196.0,110.7
0.6,0.83,139.1,136.7
0.6,1.47,110.0,136.7
0.6,0.96,146.4,70.0
1.8,1.77,131.5,182.8
0.62,1.75,124.5,79.8
1.8,1.71,168.3,147.3
1.3,1.52,198.1,232.2
1.63,1.39,167.3,107.3
0.6,1.47,146.4,203.3
0.6,1.47,190.0,220.0
0.6,0.96,182.7,203.3
1.5,0.92,157.7,132.4
0.6,1.21,175.5,86.7
0.6,1.6,160.9,186.7
0.76,0.7,117.3,170.0
1.33,1.48,140.7,119.9
0.97,1.04,148.1,203.0
1.91,1.47,106.9,135.5
1.18,1.06,115.5,92.8
0.65,0.85,132.1,193.2
0.6,0.83,117.3,170.0
0.6,1.09,175.5,203.3
0.6,1.09,117.3,153.3
1.14,0.77,191.4,140.8
0.6,0.96,175.5,120.0
0.76,0.83,160.9,220.0
1.58,1.48,180.0,211.0
1.3,1.67,190.8,192.1
0.6,1.47,175.5,170.0
0.76,0.83,131.8,136.7
0.76,0.7,139.1,153.3
2.0,1.75,133.9,75.7
1.89,0.63,131.3,101.7
1.74,0.89,188.0,147.0
0.6,1.6,160.9,70.0
1.85,1.45,111.5,121.0
0.76,0.83,139.1,153.3
0.6,0.96,168.2,203.3
1.63,1.18,197.6,194.4
0.6,0.96,160.9,203.3
1.89,0.71,159.0,92.5
0.97,1.19,152.2,179.8
1.48,1.63,115.3,181.3
0.6,0.83,139.1,186.7
0.6,0.7,117.3,103.3
1.99,1.33,107.6,143.7
0.6,0.83,146.4,86.7
0.6,1.34,139.1,220.0
0.76,0.7,182.7,86.7
0.6,0.96,124.5,70.0
1.55,1.21,160.9,150.8
1.87,1.06,166.9,74.7
0.6,1.6,153.6,86.7
0.6,1.34,160.9,103.3
0.6,0.96,117.3,203.3
0.6,1.6,110.0,136.7
0.6,1.6,124.5,186.7
1.78,1.38,121.8,126.3
0.6,0.83,117.3,203.3
0.6,1.6,146.4,120.0
1.01,1.16,137.8,94.3
0.6,1.21,153.6,220.0
0.6,0.96,160.9,220.0
1.49,1.33,173.4,214.9
2.12,1.66,101.0,103.1
0.76,0.83,175.5,186.7
0.6,1.21,160.9,203.3
0.6,0.83,117.3,220.0
0.54,1.79,141.6,77.1
0.6,1.21,146.4,86.7
0.6,0.83,182.7,136.7
0.6,1.47,110.0,120.0
0.6,1.47,153.6,170.0
0.73,1.68,133.5,183.6
0.76,0.7,139.1,186.7
0.6,1.09,139.1,220.0
0.6,0.96,168.2,153.3
2.04,0.98,169.9,88.5
0.6,0.96,146.4,220.0
1.08,1.07,182.6,225.0
1.55,0.95,115.7,141.6
0.6,0.7,124.5,153.3
0.73,1.69,169.2,99.8
0.6,1.34,190.0,136.7
0.76,0.7,139.1,220.0
0.6,0.83,160.9,120.0
0.6,1.09,168.2,70.0
0.6,1.21,175.5,120.0
0.6,1.6,182.7,170.0
0.76,0.7,131.8,186.7
0.6,1.21,124.5,120.0
0.6,1.34,110.0,153.3
2.09,1.38,131.0,229.0
0.76,0.83,168.2,120.0
1.79,1.33,136.0,93.3
0.6,1.6,110.0,170.0
0.6,0.7,110.0,120.0
0.84,1.42,150.2,94.4
0.57,1.22,115.8,195.0
0.6,1.09,182.7,186.7
0.6,0.96,168.2,86.7
0.6,0.7,110.0,153.3
0.6,0.83,182.7,103.3
1.98,1.34,101.9,69.9
0.6,1.21,153.6,186.7
0.6,0.83,182.7,203.3
0.6,0.7,131.8,220.0
0.6,1.21,153.6,103.3
0.6,0.96,110.0,103.3
0.6,1.6,146.4,203.3
0.76,0.83,146.4,120.0
1.23,1.34,185.7,158.0
0.68,1.71,140.5,177.7
0.6,1.6,110.0,103.3
0.73,0.73,125.9,217.5
1.22,1.78,178.5,107.3
1.57,1.77,158.5,218.0
0.6,1.34,153.6,86.7
0.91,1.5,130.1,64.9
0.6,0.96,160.9,136.7
0.6,1.34,175.5,86.7
0.75,1.7,123.9,93.6
0.6,1.09,153.6,136.7
0.6,1.21,190.0,136.7
1.69,0.95,114.0,145.5
0.6,1.34,124.5,103.3
0.76,0.83,175.5,70.0
0.76,0.7,168.2,120.0
0.6,0.83,182.7,186.7
0.76,0.83,131.8,186.7
1.7,0.65,187.9,133.3
2.11,1.14,154.2,138.4
0.6,0.7,153.6,170.0
0.6,0.7,124.5,136.7
0.6,0.83,124.5,136.7
0.6,1.21,146.4,170.0
0.6,1.47,175.5,86.7
1.5,0.89,104.3,175.1
0.6,0.7,168.2,153.3
1.11,0.73,156.2,86.0
1.3,0.61,154.9,219.7
0.9,1.4,159.6,194.8
2.07,0.87,102.2,242.5
1.35,1.32,141.8,233.6
0.76,0.83,153.6,136.7
0.6,1.09,110.0,103.3
0.97,1.22,167.9,65.5
0.58,1.33,123.9,146.1
0.76,0.7,153.6,170.0
0.76,0.7,160.9,70.0
2.02,0.68,103.5,234.0
2.02,0.73,138.5,92.2
1.33,1.26,175.6,110.1
0.6,1.34,153.6,153.3
0.6,1.09,110.0,136.7
0.6,0.7,160.9,186.7
0.6,0.7,124.5,186.7
1.94,1.37,164.1,119.2
0.6,1.21,139.1,153.3
0.73,1.05,128.7,232.1
0.6,0.7,146.4,153.3
0.6,1.34,131.8,203.3
0.6,0.96,153.6,103.3
0.6,1.34,190.0,203.3
0.6,1.34,124.5,136.7
0.6,0.7,110.0,186.7
0.6,1.47,168.2,120.0
0.76,0.7,168.2,220.0
0.6,0.96,175.5,170.0
0.6,0.7,139.1,186.7
0.52,1.13,126.9,141.6
0.6,0.7,182.7,170.0
0.6,0.96,182.7,220.0
0.76,0.7,190.0,220.0
0.6,0.83,190.0,203.3
0.6,0.83,175.5,120.0
1.42,1.49,196.8,230.4
0.76,0.83,146.4,203.3
0.6,1.47,160.9,120.0
2.19,1.59,164.8,86.0
2.17,0.73,186.4,210.9
1.55,0.86,191.6,67.6
0.6,1.21,139.1,120.0
0.6,0.83,190.0,103.3
0.6,1.34,139.1,136.7
1.12,0.64,127.0,86.1
0.6,1.21,146.4,120.0
2.07,0.94,107.9,243.6
0.6,1.34,110.0,120.0
1.75,0.7,173.1,118.4
0.76,0.7,190.0,136.7
1.76,1.31,102.3,182.1
0.6,0.7,153.6,70.0
1.23,0.84,173.9,219.3
0.6,0.7,175.5,103.3
0.6,1.34,153.6,170.0
0.6,0.96,139.1,70.0
0.76,0.83,131.8,120.0
0.6,0.96,190.0,220.0
0.76,0.83,139.1,203.3
0.76,0.83,168.2,220.0
0.6,1.6,110.0,186.7
1.52,1.46,144.9,71.4
0.6,0.7,190.0,70.0
0.6,0.7,139.1,103.3
0.6,0.83,110.0,153.3
0.6,0.83,168.2,136.7
0.6,0.7,146.4,103.3
0.6,1.21,153.6,153.3
0.6,0.7,153.6,203.3
0.76,1.18,150.6,61.1
1.08,0.93,117.8,149.3
0.6,0.83,153.6,120.0
0.6,0.83,117.3,186.7
0.6,1.6,146.4,220.0
0.6,1.47,160.9,170.0
0.6,0.83,117.3,103.3
0.6,0.7,168.2,70.0
0.55,1.75,198.3,228.5
0.71,0.97,167.0,205.1
0.6,1.21,153.6,86.7
1.13,1.29,149.3,166.9
0.76,0.7,124.5,120.0
0.6,0.83,139.1,153.3
0.6,0.96,110.0,203.3
0.6,1.09,168.2,170.0
1.03,1.23,180.6,158.6
0.6,1.6,117.3,203.3
2.15,1.33,108.1,230.4
0.6,0.7,175.5,186.7
1.25,0.67,133.9,158.2
0.6,1.47,117.3,186.7
1.19,0.63,154.6,211.6
0.6,0.7,182.7,103.3
0.6,1.09,160.9,136.7
0.6,0.7,160.9,136.7
0.64,0.98,161.1,162.7
1.29,1.14,113.4,103.9
0.6,1.6,160.9,203.3
1.07,1.7,153.8,98.0
1.74,0.81,141.5,81.9
1.83,0.72,117.5,128.6
0.6,1.47,139.1,103.3
0.76,0.7,124.5,220.0
0.6,1.09,124.5,203.3
0.6,0.83,190.0,153.3
2.2,1.16,135.9,240.1
0.6,0.96,124.5,186.7
0.76,0.83,182.7,186.7
0.6,0.7,190.0,186.7
0.74,1.58,116.1,146.1
0.6,1.34,160.9,120.0
0.6,0.96,110.0,220.0
1.17,0.7,166.4,164.0
1.89,1.53,109.2,200.7
0.6,0.7,175.5,136.7
0.6,0.7,131.8,120.0
2.11,1.11,184.7,60.7
1.49,1.21,155.0,145.5
0.6,1.09,168.2,203.3
0.6,1.34,190.0,170.0
0.67,1.48,155.8,207.7
1.18,1.09,148.2,111.2
0.6,0.7,110.0,70.0
1.34,0.78,112.1,119.2
0.76,0.83,124.5,86.7
0.76,0.83,124.5,203.3
0.62,1.29,198.0,160.8
0.6,0.7,168.2,103.3
1.57,1.37,111.0,146.5
0.6,1.34,160.9,170.0
1.61,0.91,176.1,236.0
0.76,0.7,168.2,170.0
0.6,1.47,146.4,70.0
1.0,0.6,135.7,128.5
1.72,1.03,123.0,190.0
2.02,1.04,188.0,145.8
2.19,1.32,112.9,171.3
0.6,1.09,139.1,136.7
0.67,1.41,182.2,150.2
0.93,1.46,155.7,206.9
1.76,1.55,173.1,249.8
0.6,0.7,182.7,136.7
0.6,1.34,168.2,203.3
1.35,1.59,194.2,212.4
0.6,1.47,182.7,170.0
0.6,0.7,153.6,103.3
0.6,1.6,117.3,103.3
1.26,0.6,104.7,112.9
0.6,0.83,182.7,120.0
0.6,0.83,124.5,153.3
0.76,0.83,110.0,203.3
0.6,1.09,117.3,120.0
1.57,0.72,157.8,152.0
0.76,0.83,153.6,103.3
0.75,1.71,149.9,153.7
2.02,0.97,138.1,62.3
0.96,0.78,160.0,163.2
1.5,1.71,101.0,96.0
0.6,0.7,110.0,220.0
0.6,1.09,168.2,220.0
0.6,1.34,182.7,203.3
0.6,0.96,117.3,153.3
0.6,1.6,139.1,103.3
0.6,1.09,124.5,220.0
0.6,1.6,153.6,203.3
0.6,1.6,168.2,136.7
0.97,0.72,160.7,150.6
2.02,1.79,112.5,122.4
0.6,1.09,182.7,70.0
0.62,1.09,148.5,148.9
1.82,0.8,168.6,156.3
0.76,0.83,168.2,203.3
0.6,1.6,190.0,203.3
0.6,1.21,124.5,86.7
0.6,1.47,117.3,220.0
0.55,1.6,120.5,102.2
0.6,1.6,124.5,203.3
0.6,1.47,117.3,86.7
0.6,1.21,146.4,220.0
2.13,1.51,147.6,155.6
0.6,1.34,175.5,186.7
1.64,1.7,198.2,107.0
0.86,1.12,137.5,106.1
0.76,0.83,153.6,153.3
0.76,0.7,160.9,86.7
0.6,1.09,117.3,103.3
0.6,1.34,153.6,186.7
1.28,1.18,129.6,95.3
0.6,0.96,190.0,186.7
0.76,0.7,110.0,186.7
0.6,1.47,153.6,120.0
0.6,1.47,117.3,153.3
0.76,0.7,160.9,153.3
0.76,0.7,117.3,70.0
0.69,1.49,119.5,105.5
0.69,0.78,111.5,82.5
1.03,1.52,197.8,83.1
1.83,1.32,135.2,135.3
1.79,1.53,126.5,166.8
0.72,1.77,172.4,112.4
0.75,1.74,146.7,206.5
1.64,1.69,121.5,96.4
1.96,1.78,125.8,126.7
0.6,1.6,139.1,153.3
0.6,0.7,160.9,220.0
0.76,0.83,175.5,103.3
0.6,1.47,175.5,136.7
1.55,1.77,174.3,129.6
0.6,1.34,160.9,86.7
0.53,1.09,141.9,240.7
0.6,0.7,146.4,186.7
0.6,0.83,117.3,120.0
0.76,0.83,153.6,70.0
0.6,1.6,175.5,120.0
1.59,1.64,196.9,125.8
0.6,1.47,182.7,120.0
1.47,0.71,144.2,128.1
0.6,1.21,124.5,136.7
1.19,0.97,100.0,163.6
0.6,0.96,182.7,186.7
0.6,1.09,124.5,170.0
0.76,0.7,153.6,136.7
0.6,1.6,146.4,136.7
0.6,1.47,182.7,203.3
0.84,1.25,122.8,61.5
0.6,1.09,190.0,153.3
0.55,0.67,101.7,137.7
1.88,1.28,163.6,116.0
0.53,0.99,100.8,186.1
0.6,1.34,146.4,103.3
0.6,0.83,146.4,103.3
0.76,0.83,153.6,220.0
0.6,0.7,131.8,203.3
0.6,1.34,190.0,120.0
0.6,0.7,175.5,70.0
1.32,0.76,178.6,157.0
2.02,1.61,146.0,155.0
0.6,1.6,131.8,153.3
1.25,1.61,113.8,90.9
1.61,0.78,132.1,134.6
0.76,0.83,117.3,120.0
0.76,0.83,160.9,153.3
2.14,1.6,142.5,209.2
1.17,1.49,146.9,193.0
0.6,1.21,117.3,220.0
0.6,0.96,175.5,203.3
0.76,0.83,182.7,203.3
0.6,0.7,124.5,203.3
1.74,1.18,128.3,243.6
1.56,0.65,126.6,225.0
0.99,1.06,144.9,209.3
0.6,1.6,182.7,153.3
0.6,0.83,139.1,220.0
0.76,1.11,142.3,237.7
0.76,0.83,190.0,186.7
0.77,1.12,172.9,166.3
2.05,0.81,198.2,94.3
0.6,1.6,160.9,103.3
0.6,1.21,117.3,86.7
0.6,1.6,190.0,120.0
0.76,0.83,117.3,186.7
0.76,0.7,160.9,103.3
0.6,1.21,182.7,186.7
0.6,1.47,131.8,70.0
0.6,1.34,146.4,186.7
0.6,0.83,190.0,136.7
0.6,1.47,117.3,103.3
2.16,0.85,113.8,217.4
0.87,0.63,187.7,224.5
0.76,0.83,160.9,170.0
0.71,0.92,155.6,67.9
2.06,1.12,184.8,120.6
1.07,1.62,108.1,129.3
0.6,1.6,175.5,136.7
1.15,1.71,114.8,235.4
0.76,0.7,182.7,153.3
0.6,0.7,182.7,203.3
1.76,0.74,171.7,247.3
0.6,1.21,168.2,203.3
0.76,0.83,168.2,186.7
0.76,0.83,175.5,136.7
0.6,1.6,146.4,70.0
0.6,1.6,182.7,186.7
0.76,0.7,168.2,203.3
1.06,1.01,118.3,238.7
1.61,1.3,178.5,244.6
1.43,0.6,161.1,247.7
0.6,1.6,139.1,136.7
1.91,0.71,179.0,204.0
0.6,1.6,117.3,70.0
0.6,1.47,117.3,136.7
0.6,1.34,190.0,186.7
0.6,1.09,175.5,136.7
0.6,0.96,124.5,136.7
0.6,0.7,160.9,153.3
1.47,0.71,105.5,150.5
0.6,1.09,168.2,136.7
0.6,1.09,131.8,153.3
0.6,0.83,146.4,170.0
0.76,0.7,168.2,103.3
0.63,1.02,172.8,205.3
1.93,1.21,140.5,154.8
0.91,0.94,142.1,92.1
0.6,1.21,190.0,153.3
0.6,0.7,153.6,86.7
0.79,1.01,138.6,127.0
0.6,1.6,131.8,103.3
0.72,1.77,135.6,63.2
1.03,1.66,166.7,203.7
0.6,0.96,131.8,203.3
0.6,0.7,131.8,170.0
1.13,1.61,133.7,244.2
0.6,1.34,153.6,103.3
1.3,0.84,120.2,161.3
1.16,1.32,119.3,145.7
0.76,0.7,117.3,186.7
1.91,1.4,193.0,223.2
0.6,1.47,117.3,203.3
0.6,0.83,160.9,86.7
0.6,1.6,160.9,220.0
0.6,1.09,175.5,170.0
0.6,1.34,160.9,153.3
0.6,1.47,139.1,70.0
1.14,1.54,165.6,145.0
1.47,1.53,172.6,199.9
0.6,1.47,110.0,203.3
0.6,1.09,146.4,103.3
0.76,0.83,117.3,203.3
0.6,1.47,182.7,153.3
1.37,0.84,122.3,98.4
0.6,1.34,117.3,170.0
0.6,0.7,190.0,136.7
0.6,1.09,146.4,186.7
1.5,1.03,100.4,155.9
0.76,0.7,110.0,220.0
0.6,1.34,110.0,136.7
2.02,1.26,155.5,99.8
0.6,0.7,168.2,220.0
0.6,1.6,110.0,203.3
0.78,1.55,165.4,247.6
0.8,0.65,164.0,208.9
0.6,1.47,131.8,120.0
0.6,1.21,117.3,203.3
0.72,1.32,150.8,247.8
1.25,0.88,185.5,198.3
0.6,0.7,117.3,86.7
0.6,1.09,131.8,170.0
0.6,0.96,139.1,136.7
0.76,0.7,182.7,170.0
0.76,0.83,190.0,86.7
0.52,0.69,109.5,120.9
0.6,1.34,175.5,70.0
1.57,0.68,136.3,221.6
1.04,1.12,161.4,237.4
0.6,1.34,168.2,220.0
0.6,1.6,117.3,86.7
0.6,0.83,131.8,220.0
0.6,1.6,146.4,153.3
1.0,1.75,149.0,242.1
0.6,0.96,117.3,186.7
0.6,0.96,175.5,153.3
0.91,1.8,159.5,211.0
0.76,0.7,160.9,220.0
0.6,1.21,131.8,153.3
1.2,1.62,123.7,166.7
0.76,0.7,146.4,153.3
0.6,1.47,139.1,203.3
0.88,0.63,116.5,76.4
0.6,1.47,139.1,86.7
0.98,1.79,154.6,126.7
1.69,1.77,199.7,186.0
1.18,1.04,105.3,69.8
1.42,1.29,150.6,150.3
0.6,1.21,139.1,86.7
0.6,0.7,124.5,103.3
0.6,0.96,190.0,170.0
1.75,1.34,160.7,61.7
1.33,1.53,102.8,87.0
2.13,0.64,151.5,124.8
0.6,0.96,182.7,70.0
0.6,1.09,160.9,86.7
0.6,1.09,190.0,120.0
0.6,0.83,175.5,186.7
0.6,1.6,160.9,86.7
0.95,1.56,178.5,207.2
1.66,1.11,173.5,97.4
0.76,0.7,146.4,86.7
2.13,0.9,156.3,141.2
0.6,0.7,175.5,120.0
0.76,0.7,139.1,203.3
0.76,0.7,190.0,70.0
0.76,0.83,117.3,103.3
2.1,1.59,102.2,114.3
1.09,0.73,145.5,192.1
0.6,1.34,175.5,170.0
1.0,0.86,109.8,88.8
0.76,0.7,131.8,170.0
0.6,0.83,131.8,120.0
0.76,0.83,117.3,220.0
2.09,1.57,170.5,122.0
1.91,1.3,171.2,88.7
0.6,1.47,153.6,220.0
0.6,1.21,182.7,70.0
0.6,1.34,182.7,120.0
2.0,0.93,160.1,159.3
1.95,0.69,138.3,119.0
2.14,0.98,136.0,195.0
0.68,1.67,110.6,70.7
0.6,1.21,110.0,186.7
0.6,1.21,160.9,220.0
0.76,0.83,153.6,86.7
0.76,0.83,131.8,220.0
0.6,1.47,168.2,86.7
0.6,1.21,131.8,103.3
0.6,1.34,131.8,120.0
1.83,1.3,194.3,161.8
1.23,1.16,131.0,72.4
0.58,1.51,166.4,150.5
0.76,0.83,160.9,70.0
0.6,1.47,160.9,70.0
0.6,0.7,190.0,170.0
0.6,1.47,124.5,70.0
1.3,0.74,107.3,210.8
0.76,0.83,110.0,86.7
0.6,1.47,190.0,70.0
0.6,0.7,190.0,220.0
0.6,1.34,146.4,170.0
2.07,0.89,133.1,115.8
0.6,1.34,131.8,153.3
0.6,1.09,110.0,220.0
0.6,0.96,124.5,203.3
0.6,1.34,146.4,153.3
0.6,1.6,175.5,153.3
0.6,1.47,182.7,103.3
0.6,1.6,124.5,170.0
0.6,0.7,139.1,170.0
1.04,1.53,173.1,68.1
1.04,1.27,182.6,216.4
0.76,0.7,131.8,86.7
0.6,1.6,131.8,170.0
0.6,1.47,146.4,120.0
0.67,1.25,100.4,213.3
2.17,1.56,152.6,100.4
0.6,0.7,110.0,136.7
0.76,0.7,139.1,120.0
0.94,1.06,139.0,204.8
0.6,0.96,124.5,120.0
0.6,1.54,196.3,108.8
2.2,1.49,124.6,117.3
0.6,1.09,168.2,120.0
0.76,0.7,139.1,103.3
0.76,0.7,190.0,186.7
0.6,1.47,190.0,186.7
1.95,0.84,192.0,212.2
0.6,0.96,153.6,136.7
1.54,0.62,132.6,184.1
1.44,1.52,112.3,232.1
0.6,0.96,160.9,120.0
0.6,0.83,124.5,220.0
0.76,0.83,153.6,203.3
0.94,0.85,119.3,112.3
0.6,1.21,175.5,136.7
0.6,0.7,146.4,70.0
0.96,0.7,196.0,81.9
0.6,1.47,110.0,170.0
0.6,1.47,190.0,120.0
1.04,1.09,136.3,232.2
0.76,0.83,131.8,153.3
0.76,0.83,168.2,170.0
0.6,1.09,190.0,70.0
0.76,0.7,117.3,86.7
0.6,1.34,146.4,120.0
0.6,1.09,131.8,220.0
0.6,1.21,131.8,86.7
0.6,0.96,168.2,70.0
0.6,0.7,117.3,220.0
0.6,1.34,168.2,136.7
0.6,0.7,131.8,153.3
0.6,1.6,153.6,103.3
1.6,1.13,102.4,235.2
0.6,1.47,182.7,186.7
0.75,1.41,112.9,176.6
0.6,1.09,139.1,186.7
0.6,1.6,168.2,70.0
0.6,1.21,146.4,186.7
0.6,1.47,131.8,203.3
2.13,1.04,185.2,143.6
0.76,0.7,182.7,103.3
0.76,0.83,190.0,220.0
0.6,0.96,110.0,153.3
2.11,1.22,183.4,172.4
0.76,0.83,139.1,186.7
0.6,1.47,153.6,136.7
1.37,1.75,187.9,243.8
0.6,1.21,110.0,220.0
0.6,0.83,131.8,136.7
0.76,0.7,110.0,86.7
0.6,1.6,117.3,120.0
2.03,1.25,138.8,93.3
0.6,1.34,124.5,153.3
0.6,1.34,168.2,153.3
1.7,1.19,169.9,200.3
0.6,1.21,168.2,220.0
1.88,0.88,102.4,89.5
0.6,0.7,117.3,186.7
0.6,0.83,110.0,186.7
1.85,1.27,169.7,218.9
1.07,1.08,107.9,77.5
1.99,1.68,104.2,120.2
0.6,1.6,168.2,186.7
0.76,0.7,124.5,70.0
1.83,1.49,142.5,106.4
0.6,0.83,160.9,70.0
0.76,0.83,146.4,220.0
0.76,0.7,131.8,103.3
2.04,1.16,117.4,150.5
1.01,1.44,197.2,79.0
0.6,1.34,110.0,170.0
0.6,0.83,153.6,70.0
0.6,0.96,153.6,86.7
0.6,1.21,117.3,170.0
0.6,0.69,196.5,125.8
1.21,1.79,102.0,129.8
2.1,1.54,170.4,208.3
2.11,1.46,190.9,77.6
0.6,1.21,131.8,186.7
1.85,0.8,106.1,168.2
0.76,0.7,182.7,220.0
0.6,1.09,190.0,170.0
0.6,0.83,131.8,186.7
2.09,1.75,161.4,205.7
0.76,0.83,190.0,153.3
0.6,0.7,117.3,170.0
1.14,1.53,126.2,125.6
0.76,0.7,190.0,103.3
2.12,1.42,130.8,142.8
0.6,1.21,153.6,170.0
2.15,0.84,137.6,194.5
0.6,1.34,146.4,203.3
0.84,1.02,164.7,113.0
0.76,0.7,146.4,220.0
1.43,1.13,198.2,99.5
1.04,1.16,181.6,81.2
0.6,1.6,190.0,220.0
0.73,1.48,170.5,84.5
0.6,0.96,139.1,120.0
0.6,1.47,160.9,186.7
0.99,1.4,182.4,144.1
0.6,0.83,182.7,153.3
0.6,0.7,124.5,170.0
1.58,0.9,104.5,69.4
0.6,1.09,160.9,186.7
2.0,0.85,106.0,93.4
1.5,0.85,177.8,151.6
0.6,0.83,182.7,220.0
0.6,0.7,131.8,186.7
0.6,1.47,124.5,220.0
0.76,0.7,168.2,153.3
1.28,0.94,191.4,118.0
0.6,1.09,182.7,220.0
1.69,1.02,150.1,134.7
1.05,1.56,120.2,68.8
0.6,1.34,168.2,186.7
0.7,1.55,160.3,121.5
0.6,1.34,131.8,220.0
1.94,0.65,162.4,219.3
1.85,1.18,143.0,166.0
0.76,0.83,160.9,203.3
0.86,0.79,157.9,127.9
0.72,1.65,155.4,114.6
1.18,1.41,189.3,212.1
0.77,0.92,126.6,192.9
1.94,1.6,125.0,212.3
0.6,1.47,168.2,70.0
0.93,1.07,198.2,160.0
0.6,0.83,139.1,70.0
0.6,1.6,190.0,170.0
0.76,0.83,182.7,170.0
0.6,1.47,182.7,86.7
0.83,0.81,147.5,219.7
0.6,1.6,131.8,186.7
0.6,1.6,160.9,120.0
0.6,0.83,131.8,103.3
1.98,1.2,149.2,234.7
0.55,1.74,164.8,246.6
0.6,1.21,124.5,220.0
0.76,0.83,146.4,153.3
0.71,0.68,184.6,247.8
0.52,0.71,129.7,83.7
0.6,0.7,182.7,120.0
2.12,0.92,158.5,113.4
0.93,1.63,133.9,186.7
0.6,1.21,182.7,170.0
0.66,1.46,136.5,115.7
0.76,0.83,153.6,120.0
0.6,0.7,146.4,120.0
0.6,0.83,131.8,86.7
0.6,1.09,139.1,120.0
1.26,1.71,113.9,165.7
0.6,0.83,168.2,186.7
1.32,1.19,175.8,84.5
0.76,0.83,139.1,103.3
0.7,1.53,142.9,113.8
0.6,0.7,110.0,203.3
0.76,0.7,146.4,136.7
1.75,0.7,118.7,116.0
0.76,0.7,182.7,70.0
0.6,1.09,175.5,103.3
0.6,0.96,117.3,120.0
1.0,1.17,141.4,97.9
0.6,1.6,146.4,170.0
1.22,0.81,184.4,170.3
0.6,1.6,139.1,70.0
0.92,1.22,119.8,200.3
0.92,1.77,114.6,227.7
0.6,1.34,124.5,120.0
0.6,0.96,182.7,153.3
0.72,0.96,197.5,217.1
0.6,0.96,124.5,103.3
0.52,1.04,138.7,156.9
0.57,1.23,134.8,171.0
1.53,1.19,139.5,97.3
0.6,0.83,131.8,70.0
0.6,1.09,190.0,103.3
0.6,1.34,139.1,70.0
1.26,1.42,122.4,97.9
1.7,1.75,151.0,223.2
0.6,1.21,160.9,70.0
2.02,1.31,128.1,189.3
0.6,1.6,168.2,203.3
0.6,1.21,110.0,203.3
1.33,1.06,131.5,228.8
0.76,0.83,175.5,86.7
0.6,0.83,124.5,170.0
1.66,1.04,137.1,177.7
0.87,1.25,114.6,247.8
0.6,1.09,139.1,103.3
0.6,1.6,190.0,136.7
2.16,1.36,177.8,232.1
0.6,1.34,146.4,220.0
1.89,0.64,187.0,219.4
0.6,1.09,182.7,120.0
0.72,1.24,104.2,161.5
0.6,0.83,153.6,170.0
0.76,0.83,153.6,186.7
1.0,1.29,199.7,138.3
0.6,1.34,110.0,203.3
0.6,0.83,124.5,120.0
0.6,1.47,131.8,86.7
2.13,1.64,101.0,92.9
0.76,0.7,124.5,86.7
0.6,0.83,160.9,186.7
1.24,1.46,144.6,99.9
0.6,1.6,139.1,120.0
0.6,0.96,131.8,220.0
0.6,0.96,146.4,120.0
1.74,1.1,165.4,79.3
0.6,1.09,139.1,70.0
0.6,0.83,110.0,103.3
1.74,1.45,158.6,95.2
0.6,0.83,168.2,103.3
1.96,1.75,119.7,137.0
0.6,1.47,190.0,153.3
0.6,0.96,110.0,170.0
1.36,1.61,161.5,233.5
1.3,1.48,165.2,225.9
1.33,0.85,169.4,101.0
0.53,0.67,162.5,166.0
0.98,0.95,167.0,112.2
0.76,0.83,160.9,120.0
1.71,1.09,157.0,106.8
1.66,0.61,110.4,187.6
0.6,1.09,124.5,136.7
1.9,0.66,155.5,84.5
0.6,1.6,117.3,136.7
1.14,1.71,130.2,149.4
0.6,0.83,175.5,220.0
0.6,1.34,139.1,86.7
0.6,0.7,110.0,86.7
0.6,0.7,190.0,103.3
0.6,1.34,175.5,203.3
0.6,1.21,158.4,177.6
0.6,1.6,190.0,86.7
0.79,0.8,120.0,249.6
1.71,1.08,167.7,214.7
1.87,1.55,141.7,225.0
1.32,1.09,166.9,120.9
1.24,1.61,177.8,106.3
1.93,1.61,125.2,63.1
1.35,1.6,105.3,106.4
1.7,1.74,130.5,86.2
0.6,1.09,168.2,86.7
0.84,1.71,117.2,174.5
0.76,0.83,146.4,170.0
2.04,1.26,152.9,117.1
1.37,0.79,139.4,148.8
1.47,1.07,150.5,132.7
2.06,1.34,148.4,133.7
1.71,0.65,198.2,63.9
1.07,1.22,134.8,155.4
0.6,1.34,153.6,120.0
1.58,1.76,196.4,202.8
1.99,1.3,186.3,88.4
0.92,0.62,194.5,66.0
1.44,1.15,118.4,103.1
0.6,0.96,160.9,186.7
0.6,1.34,139.1,203.3
0.65,0.99,137.3,224.2
1.53,0.77,100.5,78.9
0.6,1.34,182.7,220.0
1.02,1.35,144.5,109.3
1.31,1.79,168.8,73.9
0.76,0.7,117.3,103.3
0.6,1.34,124.5,186.7
0.6,1.34,131.8,103.3
0.98,1.76,111.2,136.2
0.85,1.69,175.6,194.7
1.71,1.57,108.9,92.8
2.02,0.66,172.3,215.4
0.52,1.6,155.9,170.8
1.45,1.53,120.8,203.9
1.38,0.63,190.2,64.5
0.73,1.46,119.3,187.1
1.97,1.02,196.6,182.0
1.53,0.88,122.9,195.2
1.02,1.04,172.2,239.1
2.0,1.71,153.1,210.4
0.88,1.32,100.3,75.4
0.54,1.48,100.9,130.5
1.22,1.76,129.3,69.9
0.6,1.47,160.9,153.3
0.6,1.34,139.1,153.3
0.76,0.7,146.4,103.3
1.98,0.93,117.0,141.1
0.6,1.21,160.9,170.0
0.6,1.34,168.2,86.7
0.6,1.21,175.5,186.7
0.76,0.83,124.5,220.0
2.07,0.79,155.1,183.2
0.57,0.99,153.0,176.2
0.76,0.83,182.7,120.0
0.6,1.21,139.1,136.7
0.76,0.7,175.5,220.0
0.6,1.21,153.6,70.0
0.76,0.83,190.0,136.7
2.17,1.07,188.2,68.2
0.6,1.47,124.5,203.3
0.59,1.74,147.1,75.8
1.46,0.67,168.6,119.7
0.6,1.21,110.0,136.7
0.82,0.76,178.6,231.2
0.6,0.7,175.5,153.3
0.76,0.7,153.6,70.0
0.6,1.21,168.2,120.0
0.62,1.29,133.0,66.9
0.6,1.47,124.5,103.3
0.6,1.6,124.5,120.0
1.13,0.94,127.8,166.2
1.29,1.49,147.2,146.9
0.73,0.87,133.5,145.6
0.6,1.6,146.4,86.7
2.16,1.01,103.5,215.0
0.76,0.7,160.9,203.3
0.6,0.83,168.2,170.0
0.6,1.09,131.8,103.3
0.6,1.47,160.9,136.7
0.6,1.6,131.8,70.0
0.6,1.09,131.8,186.7
0.6,1.47,139.1,170.0
0.94,1.36,107.2,242.2
1.24,0.72,101.7,232.1
0.76,0.7,153.6,203.3
1.24,1.24,189.7,69.4
0.6,1.34,139.1,103.3
1.61,0.97,130.5,177.2
0.6,1.34,117.3,103.3
1.95,1.06,165.6,247.1
0.76,0.7,110.0,70.0
1.08,1.36,123.1,192.1
0.6,1.47,110.0,153.3
0.6,1.34,168.2,120.0
0.6,0.7,175.5,203.3
0.6,1.47,168.2,136.7
0.96,1.68,186.2,76.0
1.81,1.52,102.8,186.1
0.6,1.09,139.1,170.0
0.6,1.21,124.5,103.3
0.76,0.7,190.0,86.7
0.76,0.7,175.5,170.0
0.6,1.6,168.2,220.0
0.6,1.47,146.4,220.0
0.6,0.83,168.2,70.0
0.6,0.83,117.3,136.7
0.76,0.7,175.5,86.7
0.6,0.7,139.1,70.0
0.76,0.7,146.4,186.7
0.6,0.83,190.0,70.0
1.32,1.74,110.9,114.1
2.08,1.63,199.8,190.7
0.6,1.09,117.3,203.3
0.6,0.96,139.1,203.3
0.6,1.09,146.4,203.3
1.58,1.73,161.5,136.1
0.6,1.09,131.8,86.7
0.6,1.21,190.0,103.3
1.43,1.5,148.8,66.8
0.76,0.83,168.2,103.3
0.76,0.83,110.0,170.0
2.14,1.62,130.4,198.0
0.6,1.34,139.1,186.7
0.76,0.83,160.9,103.3
0.88,0.82,123.9,233.1
0.6,1.21,139.1,70.0
1.62,1.69,155.0,90.8
0.6,0.7,153.6,136.7
0.93,1.73,147.6,79.0
0.6,0.7,117.3,136.7
0.76,0.83,182.7,70.0
0.76,0.7,182.7,136.7
0.6,1.21,117.3,103.3
0.6,1.09,117.3,220.0
0.6,0.83,153.6,186.7
0.6,1.47,139.1,120.0
0.6,0.83,175.5,170.0
0.6,1.47,160.9,86.7
0.76,0.7,190.0,170.0
0.6,1.6,131.8,203.3
0.6,0.96,175.5,186.7
0.51,1.07,159.4,220.3
0.6,1.34,190.0,220.0
1.47,1.08,177.7,135.2
0.6,0.96,146.4,153.3
0.52,1.18,165.9,245.1
0.76,0.7,146.4,170.0
1.22,0.72,139.7,78.8
1.96,0.7,166.4,216.5
0.85,1.51,114.0,154.9
0.6,1.09,175.5,153.3
0.53,1.67,114.8,156.7
0.6,1.47,175.5,153.3
0.87,1.02,100.7,249.8
0.6,0.96,124.5,220.0
0.76,0.7,131.8,153.3
0.6,0.83,168.2,86.7
0.6,0.83,139.1,86.7
2.16,0.86,110.5,213.4
0.6,1.47,110.0,220.0
0.6,1.09,139.1,86.7
0.6,1.34,182.7,103.3
1.61,1.03,117.2,63.8
0.96,0.97,104.2,123.9
1.86,1.03,148.4,65.4
0.76,0.83,139.1,220.0
0.6,1.21,168.2,153.3
0.53,0.93,161.5,131.8
0.76,0.7,153.6,86.7
0.76,0.7,153.6,153.3
0.8,1.21,144.7,200.2
0.83,1.78,164.3,104.0
1.77,1.74,151.2,146.6
0.76,0.83,124.5,136.7
0.6,0.83,168.2,153.3
0.6,0.7,131.8,136.7
0.6,1.47,146.4,153.3
0.6,1.21,124.5,203.3
2.12,0.68,142.8,191.1
0.79,1.15,102.3,227.0
1.07,1.77,127.1,111.7
1.79,1.09,130.9,221.0
0.6,0.7,175.5,86.7
0.75,1.2,101.5,78.0
0.6,1.6,146.4,186.7
0.6,1.21,168.2,136.7
1.02,1.73,138.3,152.3
0.6,1.47,146.4,170.0
0.6,0.96,110.0,86.7
0.6,0.7,117.3,120.0
0.6,0.96,160.9,153.3
0.6,1.34,110.0,70.0
0.6,1.09,124.5,186.7
0.51,0.69,198.3,65.7
0.6,0.83,139.1,170.0
0.6,1.6,110.0,70.0
0.6,0.7,124.5,70.0
0.6,1.34,139.1,170.0
1.05,0.94,138.2,238.5
1.91,1.71,145.2,223.1
0.76,0.83,160.9,136.7
1.72,1.13,109.3,120.0
0.6,1.47,190.0,86.7
1.83,1.35,177.5,112.0
0.55,1.62,164.7,248.5
2.14,0.7,165.2,170.8
0.6,1.21,168.2,103.3
0.54,0.8,117.3,220.6
0.6,1.34,168.2,170.0
0.6,1.6,190.0,186.7
0.6,0.83,153.6,220.0
1.47,1.03,138.7,113.2
0.76,0.7,117.3,153.3
0.6,1.34,175.5,220.0
0.65,1.31,164.4,80.9
2.06,0.73,191.8,235.7
0.6,1.21,131.8,70.0
0.76,0.83,110.0,103.3
0.6,1.09,190.0,136.7
0.89,0.7,192.8,237.2
0.6,1.6,117.3,170.0
0.6,1.47,124.5,186.7
0.6,0.96,117.3,103.3
0.6,0.7,124.5,86.7
1.03,0.7,137.3,207.2
0.6,1.09,175.5,220.0
0.76,0.83,182.7,136.7
0.6,0.96,131.8,170.0
0.6,1.6,190.0,153.3
1.85,0.9,125.5,223.8
0.6,1.09,124.5,153.3
0.6,1.47,168.2,153.3
1.87,1.46,160.1,194.7
1.06,1.67,185.3,182.0
0.6,0.96,182.7,120.0
0.6,1.47,139.1,220.0
1.03,1.48,164.4,186.3
0.89,0.9,156.7,186.8
0.6,0.83,117.3,70.0
1.3,0.71,181.4,123.1
0.6,1.6,131.8,86.7
0.76,0.83,139.1,120.0
1.6,1.21,187.7,68.9
0.6,0.7,168.2,186.7
0.71,1.13,158.0,135.9
0.6,0.96,175.5,70.0
0.56,1.01,132.8,222.7
0.6,1.09,182.7,170.0
0.6,0.83,110.0,86.7
0.82,1.67,140.4,81.2
0.76,0.7,168.2,136.7
0.58,1.38,189.9,200.9
0.76,0.83,117.3,153.3
0.76,0.83,146.4,70.0
0.79,0.72,173.1,132.4
0.6,1.6,124.5,70.0
0.9,0.78,143.6,75.4
0.76,0.83,139.1,170.0
